img,cls
../database\buoy\alaska-ocean-warning-light-sea-2574393.jpg,database\buoy
../database\buoy\anchor-warp-rope-buoy-beach-2881563.jpg,database\buoy
../database\buoy\beach-buoy-w-water-sea-ocean-1042883.jpg,database\buoy
../database\buoy\beacon-lighthouse-coast-navigation-39232.jpg,database\buoy
../database\buoy\blue-boat-buoy-floating-2834157.jpg,database\buoy
../database\buoy\blue-buoy-float-navigation-ocean-20511.jpg,database\buoy
../database\buoy\boat-water-bird-beach-sand-2840152.jpg,database\buoy
../database\buoy\bojka-buoy-water-bojka-rescue-882679.jpg,database\buoy
../database\buoy\buoy-beach-sea-buoys-scenic-242727.jpg,database\buoy
../database\buoy\buoy-beacon-sea-beach-sand-2266571.jpg,database\buoy
../database\buoy\buoy-beacon-water-blue-yellow-1661196.jpg,database\buoy
../database\buoy\buoy-buoy-marker-ocean-sea-sea-buoy-tide-72044.jpg,database\buoy
../database\buoy\buoy-float-floating-device-lifebuoy-2723.jpg,database\buoy
../database\buoy\buoy-lobster-wood-fence-traps-float-equi-142099.jpg,database\buoy
../database\buoy\buoy-lverstopt-river-340716.jpg,database\buoy
../database\buoy\buoy-marker-ocean-sea-safety-3584304.jpg,database\buoy
../database\buoy\buoy-navigation-marine-maritime-412276.jpg,database\buoy
../database\buoy\buoy-perazzo-water-lake-nature-3542177.jpg,database\buoy
../database\buoy\buoy-scheepvaartmarkering-2714628.jpg,database\buoy
../database\buoy\buoy-sea-water-ocean-marine-float-2673666.jpg,database\buoy
../database\buoy\buoy-seagull-water-nature-birds-3764298.jpg,database\buoy
../database\buoy\buoy-sky-coastal-blue-travel-3568365.jpg,database\buoy
../database\buoy\buoy-sunset-ocean-water-sky-sea-nature-b-1094912.jpg,database\buoy
../database\buoy\buoy-surface-marker-buoy-floater-347847.jpg,database\buoy
../database\buoy\buoy-water-international-ocean-sea-39227.jpg,database\buoy
../database\buoy\buoy-water-keyhaven-united-states-of-ame-828029.jpg,database\buoy
../database\buoy\buoy-water-signs-symbols-39257.jpg,database\buoy
../database\buoy\buoy-waters-marker-sea-ocean-14553.jpg,database\buoy
../database\buoy\buoy-yellow-coast-beach-necklace-2341844.jpg,database\buoy
../database\buoy\buoy-yellow-lake-winter-pond-ice-933324.jpg,database\buoy
../database\buoy\buoys-daymark-maritime-ship-coast-83926.jpg,database\buoy
../database\buoy\buoys-maritime-shipping-colorful-408287.jpg,database\buoy
../database\buoy\buoys-river-boats-stein-am-rhein-113406.jpg,database\buoy
../database\buoy\buoys-water-lake-safety-lifesaver-791339.jpg,database\buoy
../database\buoy\buoys-water-series-arrangement-3567037.jpg,database\buoy
../database\buoy\california-sea-lions-buoy-harbor-139007.jpg,database\buoy
../database\buoy\city-stump-sitting-harbor-buoys-69494.jpg,database\buoy
../database\buoy\colorful-blue-buoy-monument-beach-242730.jpg,database\buoy
../database\buoy\fishing-buoy-sunset-water-orange-float-m-590688.jpg,database\buoy
../database\buoy\float-water-blue-sea-blue-water-1586018.jpg,database\buoy
../database\buoy\floats-boa-float-water-lake-1286514.jpg,database\buoy
../database\buoy\fog-port-boat-buoy-metal-rusty-3707902.jpg,database\buoy
../database\buoy\int-ocean-international-sea-buoy-39267.jpg,database\buoy
../database\buoy\int-ocean-sea-maritime-buoy-39268.jpg,database\buoy
../database\buoy\island-buoy-beach-west-sea-2710854.jpg,database\buoy
../database\buoy\lake-sils-graubnden-switzerland-3209179.jpg,database\buoy
../database\buoy\lake-water-buoy-sunset-pond-1366314.jpg,database\buoy
../database\buoy\maine-buoy-boat-buoys-sea-holiday-3177128.jpg,database\buoy
../database\buoy\map-int-international-sphere-39228.jpg,database\buoy
../database\buoy\marina-stern-buoys-sailing-ships-988537.jpg,database\buoy
../database\buoy\on-the-high-seas-horizon-1546101.jpg,database\buoy
../database\buoy\ribbed-floats-buoys-2835795.jpg,database\buoy
../database\buoy\scheepvaartmarkering-marking-2715012.jpg,database\buoy
../database\buoy\scheepvaartmarkering-marking-2715014.jpg,database\buoy
../database\buoy\scheepvaartmarkering-seagull-marking-2715015.jpg,database\buoy
../database\buoy\sea-buoy-bird-simple-design-2300144.jpg,database\buoy
../database\buoy\sea-buoy-solitary-yellow-buoy-buoy-buoy--788866.jpg,database\buoy
../database\buoy\sea-buoys-mist-fog-morning-card-605387.jpg,database\buoy
../database\buoy\sea-lion-san-pedro-harbor-harbor-2465560.jpg,database\buoy
../database\buoy\sea-ocean-water-nature-coast-coastline-b-67912.jpg,database\buoy
../database\buoy\sky-nature-water-sea-outdoors-3332068.jpg,database\buoy
../database\buoy\summer-buoy-water-late-summer-sweden-buo-916796.jpg,database\buoy
../database\buoy\sunset-water-ocean-buoy-dusk-sky-orb-wav-1021058.jpg,database\buoy
../database\buoy\sunset-water-ocean-buoy-dusk-sky-reflect-802963.jpg,database\buoy
../database\buoy\water-boats-buoys-shipping-river-113474.jpg,database\buoy
../database\buoy\water-buoys-shipping-river-113476.jpg,database\buoy
../database\buoy\water-sea-sky-nature-side-3624707.jpg,database\buoy
../database\buoy\watermarkering-scheepvaartmarkering-2714076.jpg,database\buoy
../database\cruise ship\adventure-of-the-seas-cruise-ship-caribb-1218316.jpg,database\cruise ship
../database\cruise ship\aida-driving-cruise-ship-sea-night-114556.jpg,database\cruise ship
../database\cruise ship\aida-port-palma-mallorca-spanish-3116976.jpg,database\cruise ship
../database\cruise ship\aida-ship-cruise-vacations-port-802359.jpg,database\cruise ship
../database\cruise ship\aida-ship-driving-cruise-ship-sea-144796.jpg,database\cruise ship
../database\cruise ship\aida-ship-driving-cruise-ship-sea-51186.jpg,database\cruise ship
../database\cruise ship\aida-sol-cruise-ship-port-ship-652338.jpg,database\cruise ship
../database\cruise ship\aidaluna-warnemnde-germany-cruise-ship--1435536.jpg,database\cruise ship
../database\cruise ship\alaska-fjord-ship-cruise-landscape-2666217.jpg,database\cruise ship
../database\cruise ship\astor-cruise-ship-seafaring-cruise-3428016.jpg,database\cruise ship
../database\cruise ship\auckland-new-zealand-dawn-princess-2369525.jpg,database\cruise ship
../database\cruise ship\balmoral-cruise-ship-cruise-ship-shippin-574704.jpg,database\cruise ship
../database\cruise ship\beautiful-landscape-cruise-boat-sailing--1966730.jpg,database\cruise ship
../database\cruise ship\bilbao-port-ship-cruise-1216612.jpg,database\cruise ship
../database\cruise ship\boat-cruise-liner-ocean-sea-ship-transpo-1296612.jpg,database\cruise ship
../database\cruise ship\boat-cruise-ship-celebrity-top-106105.jpg,database\cruise ship
../database\cruise ship\boat-cruise-ship-travel-stop-3714690.jpg,database\cruise ship
../database\cruise ship\boat-litoral-fishermen-beach-2646175.jpg,database\cruise ship
../database\cruise ship\businessman-empire-wealth-giant-1156879.jpg,database\cruise ship
../database\cruise ship\cadiz-andalusia-spain-travel-sky-3197928.jpg,database\cruise ship
../database\cruise ship\caribbean-sea-travel-vacations-2712422.jpg,database\cruise ship
../database\cruise ship\caribbean-sea-travel-vacations-2712423.jpg,database\cruise ship
../database\cruise ship\carnival-ships-ship-carnival-boat-2347517.jpg,database\cruise ship
../database\cruise ship\clouds-ship-sky-water-vacations-3589636.jpg,database\cruise ship
../database\cruise ship\colorline-color-fantasy-cruise-ship-1435642.jpg,database\cruise ship
../database\cruise ship\colorline-kiel-the-port-of-kiel-2787929.jpg,database\cruise ship
../database\cruise ship\costa-pacifica-kiel-baltic-sea-port-3650089.jpg,database\cruise ship
../database\cruise ship\cruise-caribbean-aida-sunset-vacations-s-778531.jpg,database\cruise ship
../database\cruise ship\cruise-costa-pacifica-shipping-3526983.jpg,database\cruise ship
../database\cruise ship\cruise-cruise-ship-sea-water-3703998.jpg,database\cruise ship
../database\cruise ship\cruise-cruise-ship-sea-water-3703999.jpg,database\cruise ship
../database\cruise ship\cruise-cruise-ship-sea-water-3709528.jpg,database\cruise ship
../database\cruise ship\cruise-cruise-ship-ship-norway-fjord-mou-874485.jpg,database\cruise ship
../database\cruise ship\cruise-cruise-ship-ship-traffic-224125.jpg,database\cruise ship
../database\cruise ship\cruise-cruise-ship-vacations-sea-port-sh-823668.jpg,database\cruise ship
../database\cruise ship\cruise-hamburg-aida-prima-port-elbe-crui-1624522.jpg,database\cruise ship
../database\cruise ship\cruise-liner-asia-star-catamaran-616997.jpg,database\cruise ship
../database\cruise ship\cruise-liner-naval-ship-cruise-ship-ship-1292921.jpg,database\cruise ship
../database\cruise ship\cruise-liner-venice-cruise-liner-ship-tr-2157737.jpg,database\cruise ship
../database\cruise ship\cruise-north-america-passenger-ship-1267024.jpg,database\cruise ship
../database\cruise ship\cruise-scenic-travel-vacation-ship-touri-937069.jpg,database\cruise ship
../database\cruise ship\cruise-sea-ship-montenegro-yacht-cruise--1519026.jpg,database\cruise ship
../database\cruise ship\cruise-ship-aidamar-ship-cruises-3547170.jpg,database\cruise ship
../database\cruise ship\cruise-ship-boat-ocean-vacation-people-m-1775437.jpg,database\cruise ship
../database\cruise ship\cruise-ship-boat-sailing-travel-sea-ocea-1966903.jpg,database\cruise ship
../database\cruise ship\cruise-ship-boat-sea-cruise-travel-189938.jpg,database\cruise ship
../database\cruise ship\cruise-ship-boat-ship-ms-queen-victoria--334846.jpg,database\cruise ship
../database\cruise ship\cruise-ship-bridge-cruise-sea-2251245.jpg,database\cruise ship
../database\cruise ship\cruise-ship-bug-ship-aida-cruiser-507114.jpg,database\cruise ship
../database\cruise ship\cruise-ship-caribbean-travel-vacation-ho-1111541.jpg,database\cruise ship
../database\cruise ship\cruise-ship-costa-deliziosa-cruise-ship--1655058.jpg,database\cruise ship
../database\cruise ship\cruise-ship-cruise-cruiser-my-ship-1111663.jpg,database\cruise ship
../database\cruise ship\cruise-ship-cruise-norwegian-jade-3526976.jpg,database\cruise ship
../database\cruise ship\cruise-ship-cruise-sea-ocean-travel-vaca-336032.jpg,database\cruise ship
../database\cruise ship\cruise-ship-cruise-ship-ships-shipping-c-354433.jpg,database\cruise ship
../database\cruise ship\cruise-ship-cruise-ship-traffic-144831.jpg,database\cruise ship
../database\cruise ship\cruise-ship-cruise-ship-traffic-maritime-144830.jpg,database\cruise ship
../database\cruise ship\cruise-ship-cruise-ship-twilight-108973.jpg,database\cruise ship
../database\cruise ship\cruise-ship-cruise-ship-vacations-2860249.jpg,database\cruise ship
../database\cruise ship\cruise-ship-cruise-ship-vacations-boat-o-141710.jpg,database\cruise ship
../database\cruise ship\cruise-ship-cruise-vacation-travel-500349.jpg,database\cruise ship
../database\cruise ship\cruise-ship-cruiser-cruise-ship-1578528.jpg,database\cruise ship
../database\cruise ship\cruise-ship-cruiser-ship-cruise-vacation-295451.jpg,database\cruise ship
../database\cruise ship\cruise-ship-cruises-108974.jpg,database\cruise ship
../database\cruise ship\cruise-ship-disney-cruise-line-private-i-615116.jpg,database\cruise ship
../database\cruise ship\cruise-ship-dock-night-reflection-water--1156012.jpg,database\cruise ship
../database\cruise ship\cruise-ship-dock-vessel-boat-port-harbor-1146058.jpg,database\cruise ship
../database\cruise ship\cruise-ship-dock-vessel-boat-port-harbor-1396681.jpg,database\cruise ship
../database\cruise ship\cruise-ship-docked-cruise-ship-339328.jpg,database\cruise ship
../database\cruise ship\cruise-ship-elbe-hamburg-ship-3526709.jpg,database\cruise ship
../database\cruise ship\cruise-ship-holidays-cruise-290913.jpg,database\cruise ship
../database\cruise ship\cruise-ship-holidays-cruise-vacation-cru-114152.jpg,database\cruise ship
../database\cruise ship\cruise-ship-lake-vacations-sea-141708.jpg,database\cruise ship
../database\cruise ship\cruise-ship-line-drawing-cruise-ship-2293977.jpg,database\cruise ship
../database\cruise ship\cruise-ship-lisbon-cruise-summer-rooftop-917618.jpg,database\cruise ship
../database\cruise ship\cruise-ship-luxury-2549587.jpg,database\cruise ship
../database\cruise ship\cruise-ship-luxury-europe-mediterranean--1419799.jpg,database\cruise ship
../database\cruise ship\cruise-ship-mariner-of-the-seas-ship-roy-535814.jpg,database\cruise ship
../database\cruise ship\cruise-ship-mediterranean-sea-100872.jpg,database\cruise ship
../database\cruise ship\cruise-ship-mediterranean-sea-112002.jpg,database\cruise ship
../database\cruise ship\cruise-ship-mediterranean-sea-yacht-blue-572429.jpg,database\cruise ship
../database\cruise ship\cruise-ship-navy-ocean-vacations-3616353.jpg,database\cruise ship
../database\cruise ship\cruise-ship-night-neon-light-cruise-port-778533.jpg,database\cruise ship
../database\cruise ship\cruise-ship-oasis-of-the-seas-boat-water-482183.jpg,database\cruise ship
../database\cruise ship\cruise-ship-ocean-sea-night-lights-980933.jpg,database\cruise ship
../database\cruise ship\cruise-ship-ocean-sea-water-shore-coast--1034620.jpg,database\cruise ship
../database\cruise ship\cruise-ship-port-tallinn-ship-3770958.jpg,database\cruise ship
../database\cruise ship\cruise-ship-royal-caribbean-jewel-of-the-500398.jpg,database\cruise ship
../database\cruise ship\cruise-ship-sea-clouds-caribbean-vacatio-1330416.jpg,database\cruise ship
../database\cruise ship\cruise-ship-sea-cruise-ships-water-ocean-141709.jpg,database\cruise ship
../database\cruise ship\cruise-ship-sea-ship-travel-ship-3544217.jpg,database\cruise ship
../database\cruise ship\cruise-ship-sea-vacations-port-holiday-c-1218305.jpg,database\cruise ship
../database\cruise ship\cruise-ship-serenade-of-the-seas-3484814.jpg,database\cruise ship
../database\cruise ship\cruise-ship-serenade-of-the-seas-3484854.jpg,database\cruise ship
../database\cruise ship\cruise-ship-shelf-princess-sunset-3547180.jpg,database\cruise ship
../database\cruise ship\cruise-ship-ship-berthed-shipyard-liner--433689.jpg,database\cruise ship
../database\cruise ship\cruise-ship-ship-bug-cruise-water-3669943.jpg,database\cruise ship
../database\cruise ship\cruise-ship-ship-cruise-holidays-cruise--295081.jpg,database\cruise ship
../database\cruise ship\cruise-ship-ship-cruise-vacations-sea-wa-788369.jpg,database\cruise ship
../database\cruise ship\cruise-ship-ship-shipping-cruise-port-tr-1875397.jpg,database\cruise ship
../database\cruise ship\cruise-ship-ship-ships-port-cruise-321507.jpg,database\cruise ship
../database\cruise ship\cruise-ship-sky-travel-ocean-sea-739153.jpg,database\cruise ship
../database\cruise ship\cruise-ship-storm-clouds-sea-sky-ocean-v-1323553.jpg,database\cruise ship
../database\cruise ship\cruise-ship-storm-clouds-sky-sea-caribbe-1331736.jpg,database\cruise ship
../database\cruise ship\cruise-ship-sunset-travel-sea-vacation-o-601527.jpg,database\cruise ship
../database\cruise ship\cruise-ship-sydney-harbour-bridge-cruise-1029721.jpg,database\cruise ship
../database\cruise ship\cruise-ship-transportation-2777910.jpg,database\cruise ship
../database\cruise ship\cruise-ship-travel-cruise-ship-3526985.jpg,database\cruise ship
../database\cruise ship\cruise-ship-travel-sea-vacation-1080291.jpg,database\cruise ship
../database\cruise ship\cruise-ship-tug-boat-ocean-sea-3712093.jpg,database\cruise ship
../database\cruise ship\cruise-ship-tug-boat-ocean-sea-3714026.jpg,database\cruise ship
../database\cruise ship\cruise-ship-vacation-ocean-sea-3619202.jpg,database\cruise ship
../database\cruise ship\cruise-ship-vessel-ocean-vacation-people-1775445.jpg,database\cruise ship
../database\cruise ship\cruise-ships-baltic-cruise-ships-2423056.jpg,database\cruise ship
../database\cruise ship\cruise-ships-norwegian-star-norwegian-ge-1330422.jpg,database\cruise ship
../database\cruise ship\cruise-ships-port-dock-cruising-339329.jpg,database\cruise ship
../database\cruise ship\cruise-ships-ships-big-luxury-416933.jpg,database\cruise ship
../database\cruise ship\cruise-view-sea-blue-travel-2567069.jpg,database\cruise ship
../database\cruise ship\cruises-ship-cruise-travel-tourism-3526539.jpg,database\cruise ship
../database\cruise ship\cruises-shipping-msc-magnifica-3526975.jpg,database\cruise ship
../database\cruise ship\cruising-ships-palm-trees-sunset-690568.jpg,database\cruise ship
../database\cruise ship\crusaders-bay-cannes-cte-d---azur-1557099.jpg,database\cruise ship
../database\cruise ship\denmark-hornbck-sea-beach-sand-3616613.jpg,database\cruise ship
../database\cruise ship\driving-cruise-ship-night-port-ship-759796.jpg,database\cruise ship
../database\cruise ship\ferry-boat-ferry-ship-boat-123059.jpg,database\cruise ship
../database\cruise ship\ferry-ship-hong-kong-cruise-victoria-har-560528.jpg,database\cruise ship
../database\cruise ship\ferry-sunset-puget-sound-fish-cruise-shi-958685.jpg,database\cruise ship
../database\cruise ship\fjord-norway-fjordlandschaft-mountains-l-915151.jpg,database\cruise ship
../database\cruise ship\fjord-norway-fjordlandschaft-mountains-l-940524.jpg,database\cruise ship
../database\cruise ship\florida-coast-ocean-key-west-water-ship--67893.jpg,database\cruise ship
../database\cruise ship\frog-photographer-giant-funny-1158815.jpg,database\cruise ship
../database\cruise ship\greece-olympia-sea-cruise-boat-106245.jpg,database\cruise ship
../database\cruise ship\greece-olympia-sea-cruise-boat-ship-medi-106246.jpg,database\cruise ship
../database\cruise ship\hamburg-germany-port-harbor-180055.jpg,database\cruise ship
../database\cruise ship\hamburg-night-hafengeburtstag-cruise-shi-345107.jpg,database\cruise ship
../database\cruise ship\harbour-port-boats-boat-cruise-3104300.jpg,database\cruise ship
../database\cruise ship\holidays-travel-vacations-cruise-3585521.jpg,database\cruise ship
../database\cruise ship\human-steward-ship-cruise-cruise-ship-po-740325.jpg,database\cruise ship
../database\cruise ship\iceland-cruise-ships-cruise-cruise-cruis-262739.jpg,database\cruise ship
../database\cruise ship\istanbul-turkey-cruise-bosphorus-782847.jpg,database\cruise ship
../database\cruise ship\juneau-alaska-city-cities-urban-view-mou-1620945.jpg,database\cruise ship
../database\cruise ship\koningsdam-holland-america-cruise-2721202.jpg,database\cruise ship
../database\cruise ship\landing-cruise-ship-mediterranean-nice-s-1441457.jpg,database\cruise ship
../database\cruise ship\lighthouse-cruise-ship-belize-3288111.jpg,database\cruise ship
../database\cruise ship\lisbon-cruise-summer-travel-ship-tourism-2165735.jpg,database\cruise ship
../database\cruise ship\manaus-brazil-south-america-2549664.jpg,database\cruise ship
../database\cruise ship\mariner-of-the-seas-cruise-ship-112001.jpg,database\cruise ship
../database\cruise ship\minion-giant-funny-cruise-ship-1156867.jpg,database\cruise ship
../database\cruise ship\model-ship-cruise-ship-shipyard-2424340.jpg,database\cruise ship
../database\cruise ship\morning-hours-sunrise-morning-sun-3585522.jpg,database\cruise ship
../database\cruise ship\my-ship-cruise-caribbean-3688195.jpg,database\cruise ship
../database\cruise ship\my-ship-cruise-cruise-ship-sea-ocean-shi-1576531.jpg,database\cruise ship
../database\cruise ship\my-ship-cruise-porthole-cruise-ship-crui-1538726.jpg,database\cruise ship
../database\cruise ship\new-zealand-queenstown-fjord-2492599.jpg,database\cruise ship
../database\cruise ship\new-zealand-queenstown-fjord-2492601.jpg,database\cruise ship
../database\cruise ship\norway-eidfjord-landscape-water-789345.jpg,database\cruise ship
../database\cruise ship\norway-fjord-lake-water-reflections-crui-1945489.jpg,database\cruise ship
../database\cruise ship\norway-post-ship-hurtigruten-ship-3587449.jpg,database\cruise ship
../database\cruise ship\ocean-cruise-tourist-travel-tourism-3063024.jpg,database\cruise ship
../database\cruise ship\oslo-aida-norway-port-oslofjord-963483.jpg,database\cruise ship
../database\cruise ship\oslo-norway-port-oslofjord-city-908528.jpg,database\cruise ship
../database\cruise ship\papenburg-germany-meyer-werft-ship-3021757.jpg,database\cruise ship
../database\cruise ship\passenger-ship-ship-cruise-cruise-ship-k-542378.jpg,database\cruise ship
../database\cruise ship\post-ship-nordkapp-cruise-ship-650063.jpg,database\cruise ship
../database\cruise ship\queen-mary-ii-cruise-ship-ship-425066.jpg,database\cruise ship
../database\cruise ship\river-cruise-russia-cruise-cruise-ship-l-538839.jpg,database\cruise ship
../database\cruise ship\sailing-ship-cruise-vacation-954799.jpg,database\cruise ship
../database\cruise ship\santorini-greek-island-cyclades-caldera--1788636.jpg,database\cruise ship
../database\cruise ship\sea-cruise-travel-cruise-ship-seafaring--1281360.jpg,database\cruise ship
../database\cruise ship\sea-cruise-travel-cruise-ship-seafaring--1281361.jpg,database\cruise ship
../database\cruise ship\sea-waters-coast-travel-port-3104494.jpg,database\cruise ship
../database\cruise ship\ship-ahoy-ozeanriese-screw-shaft-3403807.jpg,database\cruise ship
../database\cruise ship\ship-boat-cruise-liner-harbor-port-76670.jpg,database\cruise ship
../database\cruise ship\ship-boat-cruise-vacation-ocean-vessel-t-29697.jpg,database\cruise ship
../database\cruise ship\ship-boat-sea-water-summer-travel-527528.jpg,database\cruise ship
../database\cruise ship\ship-boat-water-sea-port-aida-1578526.jpg,database\cruise ship
../database\cruise ship\ship-bug-create-dew-cruise-ship-3554711.jpg,database\cruise ship
../database\cruise ship\ship-bug-cruiser-cruise-ocean-3663.jpg,database\cruise ship
../database\cruise ship\ship-cruise-cruise-ship-vacations-2756487.jpg,database\cruise ship
../database\cruise ship\ship-cruise-cruise-ship-water-2462241.jpg,database\cruise ship
../database\cruise ship\ship-cruise-liner-cruiser-cruise-ship-fe-158287.jpg,database\cruise ship
../database\cruise ship\ship-cruise-maritime-1083559.jpg,database\cruise ship
../database\cruise ship\ship-cruise-ship-cruise-ship-travel-3579589.jpg,database\cruise ship
../database\cruise ship\ship-cruise-ship-cruise-vacations-3480720.jpg,database\cruise ship
../database\cruise ship\ship-cruise-ship-cruise-vacations-3480724.jpg,database\cruise ship
../database\cruise ship\ship-cruise-ship-ocean-liners-221474.jpg,database\cruise ship
../database\cruise ship\ship-cruise-ship-sea-port-water-vacation-892750.jpg,database\cruise ship
../database\cruise ship\ship-cruise-ship-travel-sea-cruise-sky-t-1656608.jpg,database\cruise ship
../database\cruise ship\ship-cruise-travel-vacation-passenger-to-401349.jpg,database\cruise ship
../database\cruise ship\ship-cruise-vacation-vessel-cruise-cruis-1546194.jpg,database\cruise ship
../database\cruise ship\ship-cruise-vessel-ocean-vacation-3737809.jpg,database\cruise ship
../database\cruise ship\ship-cruiser-cruise-water-3649420.jpg,database\cruise ship
../database\cruise ship\ship-cruises-cruise-ship-seafaring-3455779.jpg,database\cruise ship
../database\cruise ship\ship-cruises-cruise-ship-vacations-3455806.jpg,database\cruise ship
../database\cruise ship\ship-elbe-hamburg-port-port-city-3526712.jpg,database\cruise ship
../database\cruise ship\ship-liner-boat-cruise-ship-ocean-sea-wa-316885.jpg,database\cruise ship
../database\cruise ship\ship-mouth-aida-cruise-ship-cruise-192351.jpg,database\cruise ship
../database\cruise ship\ship-ms-orchestra-ibiza-spain-138962.jpg,database\cruise ship
../database\cruise ship\ship-passenger-ship-cruise-ship-norway-f-392110.jpg,database\cruise ship
../database\cruise ship\ship-port-ships-barcelona-spain-city-sea-115420.jpg,database\cruise ship
../database\cruise ship\ship-port-water-technology-ferry-86071.jpg,database\cruise ship
../database\cruise ship\ship-sea-my-ship-cruise-ship-3581749.jpg,database\cruise ship
../database\cruise ship\ship-travel-cruise-ship-vacations-2817540.jpg,database\cruise ship
../database\cruise ship\ship-vacations-cruise-cruises-425064.jpg,database\cruise ship
../database\cruise ship\ship-water-america-cruise-ship-travel-bo-2162299.jpg,database\cruise ship
../database\cruise ship\shipping-cruise-ship-cruises-3526982.jpg,database\cruise ship
../database\cruise ship\shipping-seafaring-ship-cruise-3649676.jpg,database\cruise ship
../database\cruise ship\shipping-ship-cruise-vacations-3649673.jpg,database\cruise ship
../database\cruise ship\shipping-vacations-travel-leisure-3649677.jpg,database\cruise ship
../database\cruise ship\ships-kiel-water-sky-blue-209632.jpg,database\cruise ship
../database\cruise ship\ships-queen-mary-cruise-ship-hamburg-riv-2146989.jpg,database\cruise ship
../database\cruise ship\ships-travel-sea-boat-cruise-3481704.jpg,database\cruise ship
../database\cruise ship\sidney-opera-port-australia-city-234713.jpg,database\cruise ship
../database\cruise ship\south-sea-pacific-cruise-3597151.jpg,database\cruise ship
../database\cruise ship\south-sea-pacific-cruise-3597153.jpg,database\cruise ship
../database\cruise ship\sydney-australia-circular-quay-321513.jpg,database\cruise ship
../database\cruise ship\sydney-australia-skyline-skyscrapers-bui-86954.jpg,database\cruise ship
../database\cruise ship\sydney-australia-sydney-opera-house-sydn-296027.jpg,database\cruise ship
../database\cruise ship\sydney-harbor-cruise-ship-cityscape-sea--577008.jpg,database\cruise ship
../database\cruise ship\transport-ship-queen-mary-2-2670125.jpg,database\cruise ship
../database\cruise ship\transport-ship-queen-mary-2-2670131.jpg,database\cruise ship
../database\cruise ship\transport-ship-queen-mary-2-2670235.jpg,database\cruise ship
../database\cruise ship\travel-cruise-cruise-line-water-ocean-va-967984.jpg,database\cruise ship
../database\cruise ship\travel-vacations-summer-tourism-3571077.jpg,database\cruise ship
../database\cruise ship\travel-vacations-summer-tourism-3571078.jpg,database\cruise ship
../database\cruise ship\travel-waters-sea-ship-cruise-ship-3196458.jpg,database\cruise ship
../database\cruise ship\two-cruise-ships-bahamas-2413470.jpg,database\cruise ship
../database\cruise ship\vacations-travel-holidays-summer-3585534.jpg,database\cruise ship
../database\cruise ship\vancouver-canada-port-cruise-ship-pier-p-2106888.jpg,database\cruise ship
../database\cruise ship\venice-cruise-ship-port-sky-cruise-cruis-780865.jpg,database\cruise ship
../database\cruise ship\venice-italy-cruise-ship-gondolas-2554244.jpg,database\cruise ship
../database\cruise ship\venice-italy-venezia-sea-cruise-ship-cru-321271.jpg,database\cruise ship
../database\cruise ship\venice-pollution-cruise-ship-2522538.jpg,database\cruise ship
../database\cruise ship\virgin-islands-cruise-ship-st-thomas-vie-949870.jpg,database\cruise ship
../database\cruise ship\vision-the-seas-cozumel-cruise-ship-ship-1021676.jpg,database\cruise ship
../database\cruise ship\water-sea-coast-beach-ocean-wave-3261036.jpg,database\cruise ship
../database\cruise ship\water-sea-ship-boat-ocean-cruise-3297593.jpg,database\cruise ship
../database\cruise ship\water-sea-travel-ship-boat-cruise-3123536.jpg,database\cruise ship
../database\cruise ship\waters-sea-ship-boat-3176281.jpg,database\cruise ship
../database\ferry boat\africa-river-botswana-water-landscape-na-172697.jpg,database\ferry boat
../database\ferry boat\apostle-island-ferry-3524075.jpg,database\ferry boat
../database\ferry boat\beach-beautiful-blue-boat-cruise-3741909.jpg,database\ferry boat
../database\ferry boat\boat-ferry-black-forest-lake-123642.jpg,database\ferry boat
../database\ferry boat\boat-ferry-departure-crossing-sea-2733061.jpg,database\ferry boat
../database\ferry boat\boat-ferry-logo-ship-transport-157680.jpg,database\ferry boat
../database\ferry boat\boat-ferry-sea-water-transport-1629523.jpg,database\ferry boat
../database\ferry boat\boat-sign-ship-sign-ferry-sign-ship-boat-36951.jpg,database\ferry boat
../database\ferry boat\boat-switzerland-bergsee-tourism-blue-fe-1513948.jpg,database\ferry boat
../database\ferry boat\boat-water-river-sea-ocean-blue-3624704.jpg,database\ferry boat
../database\ferry boat\bridge-ferry-captain-travel-water-2648720.jpg,database\ferry boat
../database\ferry boat\bridge-river-ship-river-navigation-3694245.jpg,database\ferry boat
../database\ferry boat\budapest-hungary-parliament-building-pal-632851.jpg,database\ferry boat
../database\ferry boat\bute-ferry-port-scotland-argyll-sea-scot-1010612.jpg,database\ferry boat
../database\ferry boat\ferries-shipping-transport-cross-53121.jpg,database\ferry boat
../database\ferry boat\ferries-shipping-transport-cross-53122.jpg,database\ferry boat
../database\ferry boat\ferry-boat-black-sign-symbol-icon-99055.jpg,database\ferry boat
../database\ferry boat\ferry-boat-boat-transportation-sea-3058297.jpg,database\ferry boat
../database\ferry boat\ferry-boat-boat-travel-sea-vessel-2709839.jpg,database\ferry boat
../database\ferry boat\ferry-boat-sea-ship-blue-ferry-ferry-fer-157517.jpg,database\ferry boat
../database\ferry boat\ferry-boat-sea-ship-red-ferry-boat-ship--157516.jpg,database\ferry boat
../database\ferry boat\ferry-boat-ship-sea-transport-2766582.jpg,database\ferry boat
../database\ferry boat\ferry-boat-ship-water-port-lake-3598776.jpg,database\ferry boat
../database\ferry boat\ferry-boat-transportation-ship-water-tra-1956735.jpg,database\ferry boat
../database\ferry boat\ferry-boat-travel-tourist-summer-20144.jpg,database\ferry boat
../database\ferry boat\ferry-boat-water-puget-sound-seattle-sea-19524.jpg,database\ferry boat
../database\ferry boat\ferry-boat-water-sea-ship-croatia-1648809.jpg,database\ferry boat
../database\ferry boat\ferry-boat-watercraft-ship-ferryboat-sea-99054.jpg,database\ferry boat
../database\ferry boat\ferry-boats-dock-port-beach-lake-123648.jpg,database\ferry boat
../database\ferry boat\ferry-cargo-ship-carrier-the-barge-venic-2081778.jpg,database\ferry boat
../database\ferry boat\ferry-catamaran-ship-boat-ocean-982825.jpg,database\ferry boat
../database\ferry boat\ferry-cruise-swim-lake-bodensee-3601612.jpg,database\ferry boat
../database\ferry boat\ferry-cruise-swimming-shipping-2865442.jpg,database\ferry boat
../database\ferry boat\ferry-dock-transportation-boat-2907174.jpg,database\ferry boat
../database\ferry boat\ferry-ferry-boat-car-ferry-99259.jpg,database\ferry boat
../database\ferry boat\ferry-ferry-boat-car-ferry-99260.jpg,database\ferry boat
../database\ferry boat\ferry-ferry-port-loth-orkney-1007361.jpg,database\ferry boat
../database\ferry boat\ferry-harbor-boat-pacific-harbour-68698.jpg,database\ferry boat
../database\ferry boat\ferry-in-bayfield-harbor-3529561.jpg,database\ferry boat
../database\ferry boat\ferry-lake-constance-car-ferry-ship-2440952.jpg,database\ferry boat
../database\ferry boat\ferry-north-sea-ferry-terminal-401838.jpg,database\ferry boat
../database\ferry boat\ferry-passenger-ship-ship-638153.jpg,database\ferry boat
../database\ferry boat\ferry-sea-ship-water-boat-wide-1251133.jpg,database\ferry boat
../database\ferry boat\ferry-ship-boat-car-ferry-gierseilffre--1609682.jpg,database\ferry boat
../database\ferry boat\ferry-ship-boat-sea-lake-water-1728842.jpg,database\ferry boat
../database\ferry boat\ferry-ship-boat-transport-357646.jpg,database\ferry boat
../database\ferry boat\ferry-ship-boat-water-sea-river-3418296.jpg,database\ferry boat
../database\ferry boat\ferry-ship-port-water-boat-cruise-3763312.jpg,database\ferry boat
../database\ferry boat\ferry-staten-island-new-york-manhattan-b-799428.jpg,database\ferry boat
../database\ferry boat\ferryboat-ferry-boat-symbol-ship-journey-303660.jpg,database\ferry boat
../database\ferry boat\haiti-ferry-boat-ship-harbor-port-pier-b-79643.jpg,database\ferry boat
../database\ferry boat\hamburg-port-elbe-hanseatic-city-2187865.jpg,database\ferry boat
../database\ferry boat\hongkong-ferry-hong-kong-asia-2659491.jpg,database\ferry boat
../database\ferry boat\hongkong-ferry-hong-kong-asia-2664970.jpg,database\ferry boat
../database\ferry boat\hongkong-ferry-hong-kong-asia-2664973.jpg,database\ferry boat
../database\ferry boat\island-queen-3524117.jpg,database\ferry boat
../database\ferry boat\istanbul-city-architecture-view-cruise-s-808394.jpg,database\ferry boat
../database\ferry boat\istanbul-ship-sultanahmet-bosphorus-2912248.jpg,database\ferry boat
../database\ferry boat\istanbul-ship-sultanahmet-bosphorus-2912249.jpg,database\ferry boat
../database\ferry boat\kazimierz-dolny-winter-snow-186704.jpg,database\ferry boat
../database\ferry boat\lake-bodensee-cruise-ferry-3287535.jpg,database\ferry boat
../database\ferry boat\mekong-river-ferry-river-abendstimmung-b-1349607.jpg,database\ferry boat
../database\ferry boat\ms-helgoland-ferry-boat-helgoland-1969408.jpg,database\ferry boat
../database\ferry boat\on-the-water-lake-ferry-sailboat-3709704.jpg,database\ferry boat
../database\ferry boat\passenger-transport-167873.jpg,database\ferry boat
../database\ferry boat\passengers-ferry-boat-167876.jpg,database\ferry boat
../database\ferry boat\relaxing-lazy-afternoon-girl-2813241.jpg,database\ferry boat
../database\ferry boat\river-ferry-water-ship-boat-1615351.jpg,database\ferry boat
../database\ferry boat\sailing-ships-lake-constance-alpine-1418069.jpg,database\ferry boat
../database\ferry boat\san-francisco-boats-ferry-golden-959499.jpg,database\ferry boat
../database\ferry boat\sea-ferry-ocean-travel-boat-water-2820332.jpg,database\ferry boat
../database\ferry boat\sea-ship-boat-ships-boats-on-lake-183427.jpg,database\ferry boat
../database\ferry boat\ship-ferry-cruise-cruise-ship-962681.jpg,database\ferry boat
../database\ferry boat\ship-ferry-lisbon-atlantic-1395941.jpg,database\ferry boat
../database\ferry boat\ship-lake-constance-port-shipping-2778269.jpg,database\ferry boat
../database\ferry boat\ship-shipping-boat-boat-trip-418895.jpg,database\ferry boat
../database\ferry boat\ship-steamer-boat-river-water-3616996.jpg,database\ferry boat
../database\ferry boat\sydney-harbour-manly-ferry-boat-329028.jpg,database\ferry boat
../database\ferry boat\sydney-port-twilight-australia-2766957.jpg,database\ferry boat
../database\ferry boat\waters-boat-transport-system-port-3257692.jpg,database\ferry boat
../database\ferry boat\winter-ice-snow-ferry-waters-3197873.jpg,database\ferry boat
../database\freight boat\barges-canal-sunset-dusk-evening-719975.jpg,database\freight boat
../database\freight boat\boats-water-twilight-singapore-travel-sh-200681.jpg,database\freight boat
../database\freight boat\cargo-ship-freighter-ship-moored-savanna-1646752.jpg,database\freight boat
../database\freight boat\cargo-ship-ocean-sea-inland-1101391.jpg,database\freight boat
../database\freight boat\cargo-ship-ocean-sea-inland-anchor-trans-1101389.jpg,database\freight boat
../database\freight boat\crane-swimming-boat-harbor-float-629779.jpg,database\freight boat
../database\freight boat\danube-austria-river-river-cruise-3522075.jpg,database\freight boat
../database\freight boat\dock-ship-container-port-boat-vessel-sea-1277744.jpg,database\freight boat
../database\freight boat\frachtschiff-autotransport-3498344.jpg,database\freight boat
../database\freight boat\freight-liner-ship-liner-shipping-2736640.jpg,database\freight boat
../database\freight boat\freight-liner-ship-liner-shipping-2736641.jpg,database\freight boat
../database\freight boat\freight-liner-ship-liner-shipping-2736642.jpg,database\freight boat
../database\freight boat\freight-tanker-vessel-boat-ship-oil-carg-863449.jpg,database\freight boat
../database\freight boat\freighter-cargo-ship-transport-2432936.jpg,database\freight boat
../database\freight boat\life-beauty-scene-transit-863028.jpg,database\freight boat
../database\freight boat\oil-tankers-supertankers-oil-tankers-336718.jpg,database\freight boat
../database\freight boat\port-loading-discharging-ship-cargo-tran-2090729.jpg,database\freight boat
../database\freight boat\port-ship-dsseldorf-media-harbour-2328702.jpg,database\freight boat
../database\freight boat\rhine-ship-bridge-water-river-3766100.jpg,database\freight boat
../database\freight boat\ship-boat-transport-nautical-marine-vess-145400.jpg,database\freight boat
../database\freight boat\ship-frachtschiff-freighter-water-shippi-2204981.jpg,database\freight boat
../database\freight boat\ship-frachtschiff-freighter-water-shippi-2205504.jpg,database\freight boat
../database\freight boat\ship-rhine-rhine-cruises-shipping-3779205.jpg,database\freight boat
../database\freight boat\ship-tanker-cargo-sea-2573453.jpg,database\freight boat
../database\freight boat\shipping-containers-wharf-wharves-harbou-1150062.jpg,database\freight boat
../database\freight boat\sluice-system-lock-3140198.jpg,database\freight boat
../database\freight boat\sunset-bay-sea-mood-abendstimmung-sky-na-660446.jpg,database\freight boat
../database\freight boat\vessel-loading-port-bay-cargo-2091454.jpg,database\freight boat
../database\freight boat\vessel-port-loading-ship-sea-transportat-2091798.jpg,database\freight boat
../database\gondola\architecture-building-river-truss-3686707.jpg,database\gondola
../database\gondola\aveiro-gondolas-river-2725323.jpg,database\gondola
../database\gondola\bamberg-gondola-small-venice-243510.jpg,database\gondola
../database\gondola\boat-gondola-grand-canal-june-summer-ita-834501.jpg,database\gondola
../database\gondola\body-of-water-pool-travel-hotel-3267869.jpg,database\gondola
../database\gondola\bridge-of-sighs-venice-gondola-3562574.jpg,database\gondola
../database\gondola\bridges-canal-customers-gondola-gondolie-1294967.jpg,database\gondola
../database\gondola\canal-barge-gondola-italy-venice-2672072.jpg,database\gondola
../database\gondola\canal-grande-venice-waterfront-italy-can-337987.jpg,database\gondola
../database\gondola\canal-venice-italy-architecture-water-bo-839285.jpg,database\gondola
../database\gondola\channel-facade-water-building-city-3542819.jpg,database\gondola
../database\gondola\channel-gondola-venetian-waters-3263252.jpg,database\gondola
../database\gondola\channel-gondola-venice-italy-water-2756416.jpg,database\gondola
../database\gondola\channel-gondola-venice-italy-water-3542800.jpg,database\gondola
../database\gondola\channel-houses-italy-venice-787234.jpg,database\gondola
../database\gondola\channel-venice-gondola-italy-water-656235.jpg,database\gondola
../database\gondola\channel-venice-gondolas-italy-3547224.jpg,database\gondola
../database\gondola\duisburg-landscape-park-2703550.jpg,database\gondola
../database\gondola\eat-food-ice-ice-cream-3691222.jpg,database\gondola
../database\gondola\eat-ice-cream-gondola-dessert-isolated-s-2227140.jpg,database\gondola
../database\gondola\emotions-travel-holidays-italy-3490223.jpg,database\gondola
../database\gondola\evening-venice-gondola-tourists-3172877.jpg,database\gondola
../database\gondola\gondola-boat-bridge-water-art-3742235.jpg,database\gondola
../database\gondola\gondola-boat-las-vegas-venice-venetian-l-655864.jpg,database\gondola
../database\gondola\gondola-boat-oar-guy-man-water-698452.jpg,database\gondola
../database\gondola\gondola-channel-boat-waters-3109128.jpg,database\gondola
../database\gondola\gondola-channel-navigation-venetian-3247370.jpg,database\gondola
../database\gondola\gondola-gondola-ride-venice-water-2814777.jpg,database\gondola
../database\gondola\gondola-gondolier-grand-canal-528783.jpg,database\gondola
../database\gondola\gondola-gondolier-venice-261311.jpg,database\gondola
../database\gondola\gondola-gondolier-venice-channel-2723535.jpg,database\gondola
../database\gondola\gondola-travel-venice-europe-3701751.jpg,database\gondola
../database\gondola\gondola-venetia-venezia-venice-italy-ita-1712314.jpg,database\gondola
../database\gondola\gondola-venezia-travel-italy-2242603.jpg,database\gondola
../database\gondola\gondola-venice-boat-art-watercolor-3605827.jpg,database\gondola
../database\gondola\gondola-venice-boats-ship-way-2112568.jpg,database\gondola
../database\gondola\gondola-venice-canal-grande-italy-2913954.jpg,database\gondola
../database\gondola\gondola-venice-channel-italy-black-venic-505090.jpg,database\gondola
../database\gondola\gondola-venice-italy-canal-romantic-ital-2092617.jpg,database\gondola
../database\gondola\gondola-venice-italy-decoration-682263.jpg,database\gondola
../database\gondola\gondola-venice-italy-europe-travel-2448353.jpg,database\gondola
../database\gondola\gondola-venice-italy-travel-boat-619646.jpg,database\gondola
../database\gondola\gondola-venice-italy-water-boats-houses--926883.jpg,database\gondola
../database\gondola\gondola-venice-italy-water-canal-277780.jpg,database\gondola
../database\gondola\gondola-venice-italy-water-canal-venice--175880.jpg,database\gondola
../database\gondola\gondola-venice-italy-water-people-1610598.jpg,database\gondola
../database\gondola\gondola-water-venice-channel-2814745.jpg,database\gondola
../database\gondola\gondolas-canale-grande-rialto-bridge-2785566.jpg,database\gondola
../database\gondola\gondolas-channels-venice-architecture-st-614838.jpg,database\gondola
../database\gondola\gondolas-italy-venice-gondolier-channel--457751.jpg,database\gondola
../database\gondola\gondolas-venice-dusk-sunset-842716.jpg,database\gondola
../database\gondola\gondolas-venice-italy-2451776.jpg,database\gondola
../database\gondola\gondolas-venice-italy-86636.jpg,database\gondola
../database\gondola\gondolas-venice-italy-houses-457722.jpg,database\gondola
../database\gondola\gondolas-venice-italy-vacations-2785565.jpg,database\gondola
../database\gondola\gondolas-venice-laguna-italy-2800598.jpg,database\gondola
../database\gondola\gondolas-venice-river-houses-italy-447932.jpg,database\gondola
../database\gondola\gondolas-venice-water-italy-gondolier-ve-2112575.jpg,database\gondola
../database\gondola\gondolier-gondola-venice-vinegia-venetia-29216.jpg,database\gondola
../database\gondola\gondolier-italy-venice-gondolas-secondar-337547.jpg,database\gondola
../database\gondola\gondolier-venice-water-romantic-venezia--667566.jpg,database\gondola
../database\gondola\grand-canal-grand-canal-venice-1246629.jpg,database\gondola
../database\gondola\grand-canal-venice-italy-canal-city-wate-918699.jpg,database\gondola
../database\gondola\hat-gondola-venice-color-seat-2756307.jpg,database\gondola
../database\gondola\human-gondola-channel-city-urban-3109122.jpg,database\gondola
../database\gondola\italy-gondola-blue-dock-venice-518578.jpg,database\gondola
../database\gondola\italy-venessia-the-gondolier-3779694.jpg,database\gondola
../database\gondola\italy-venessia-the-gondolier-3779787.jpg,database\gondola
../database\gondola\italy-venezia-gondola-gondolier-2817710.jpg,database\gondola
../database\gondola\italy-venice-arrival-channel-city-3523866.jpg,database\gondola
../database\gondola\italy-venice-bridge-the-bridge-of-sighs--1357054.jpg,database\gondola
../database\gondola\italy-venice-canale-grande-gondolas-1240477.jpg,database\gondola
../database\gondola\italy-venice-channel-gondolas-2830397.jpg,database\gondola
../database\gondola\italy-venice-gondola-venice-italy-2902070.jpg,database\gondola
../database\gondola\italy-venice-gondolas-boats-829151.jpg,database\gondola
../database\gondola\italy-venice-gondolas-invitation-3367960.jpg,database\gondola
../database\gondola\italy-venice-gondolas-rio-channel-1315871.jpg,database\gondola
../database\gondola\italy-venice-venezia-canale-grande-694480.jpg,database\gondola
../database\gondola\italy-venice-water-gondola-architecture--1747913.jpg,database\gondola
../database\gondola\lagoon-houses-gondolas-176020.jpg,database\gondola
../database\gondola\nature-architecture-venice-gondola-3190721.jpg,database\gondola
../database\gondola\rialto-bridge-canal-grande-gondola-2941322.jpg,database\gondola
../database\gondola\rialto-bridge-canal-water-venice-999962.jpg,database\gondola
../database\gondola\rialto-bridge-gondoliers-rialto-457721.jpg,database\gondola
../database\gondola\rialto-venice-gondola-rialto-bridge-vene-813584.jpg,database\gondola
../database\gondola\st-mark-s-square-gondola-venice-920863.jpg,database\gondola
../database\gondola\the-last-man-standing-the-gondolier-3779587.jpg,database\gondola
../database\gondola\transport-system-ship-waters-human-3109226.jpg,database\gondola
../database\gondola\travel-vacations-venice-gondolas-canal-g-2058242.jpg,database\gondola
../database\gondola\travel-venice-italy-gondola-218846.jpg,database\gondola
../database\gondola\venetian-canal-gondola-boat-water-3207547.jpg,database\gondola
../database\gondola\venetian-las-vegas-gondola-canal-archite-562759.jpg,database\gondola
../database\gondola\venetian-las-vegas-gondola-canal-archite-562762.jpg,database\gondola
../database\gondola\venetian-las-vegas-gondola-christmas-can-562746.jpg,database\gondola
../database\gondola\venetian-las-vegas-gondolas-canal-archit-562758.jpg,database\gondola
../database\gondola\venezia-canal-venice-travel-italy-973181.jpg,database\gondola
../database\gondola\venezia-venice-summer-gondola-2112543.jpg,database\gondola
../database\gondola\venice-architecture-tourism-2713675.jpg,database\gondola
../database\gondola\venice-boat-chair-gondola-938663.jpg,database\gondola
../database\gondola\venice-boat-gondola-gondolier-938664.jpg,database\gondola
../database\gondola\venice-bridge-canale-grande-channel-1029369.jpg,database\gondola
../database\gondola\venice-bridge-sighs-gondola-water-1546899.jpg,database\gondola
../database\gondola\venice-canal-italy-landmark-city-2224803.jpg,database\gondola
../database\gondola\venice-canale-grande-gondolas-211561.jpg,database\gondola
../database\gondola\venice-canale-grande-gondolier-city-3183168.jpg,database\gondola
../database\gondola\venice-canale-grande-italy-venezia-1585215.jpg,database\gondola
../database\gondola\venice-canale-grande-rialto-bridge-3655034.jpg,database\gondola
../database\gondola\venice-canale-grande-rialto-bridge-italy-1721988.jpg,database\gondola
../database\gondola\venice-channel-gondola-italy-3451352.jpg,database\gondola
../database\gondola\venice-channel-gondolas-640624.jpg,database\gondola
../database\gondola\venice-channel-great-canal-gondola-3401265.jpg,database\gondola
../database\gondola\venice-channel-road-cafe-bridge-2831600.jpg,database\gondola
../database\gondola\venice-city-gondolas-travel-italy-174693.jpg,database\gondola
../database\gondola\venice-doge-s-palace-venezia-2834170.jpg,database\gondola
../database\gondola\venice-facade-sky-colorful-2659940.jpg,database\gondola
../database\gondola\venice-glimpse-gondolas-venice-venice-ve-2048971.jpg,database\gondola
../database\gondola\venice-gondola-black-and-white-3559620.jpg,database\gondola
../database\gondola\venice-gondola-blue-2444521.jpg,database\gondola
../database\gondola\venice-gondola-boat-3525930.jpg,database\gondola
../database\gondola\venice-gondola-boats-italy-city-1798350.jpg,database\gondola
../database\gondola\venice-gondola-canal-boat-italy-3570112.jpg,database\gondola
../database\gondola\venice-gondola-canal-grande-italy-2898775.jpg,database\gondola
../database\gondola\venice-gondola-canal-restaurant-2582514.jpg,database\gondola
../database\gondola\venice-gondola-canals-water-italy-2539025.jpg,database\gondola
../database\gondola\venice-gondola-channel-3423479.jpg,database\gondola
../database\gondola\venice-gondola-channel-venice-venice-ven-2086738.jpg,database\gondola
../database\gondola\venice-gondola-channel-water-houses-wate-2086292.jpg,database\gondola
../database\gondola\venice-gondola-decoration-channel-1075057.jpg,database\gondola
../database\gondola\venice-gondola-evening-water-italy-2814768.jpg,database\gondola
../database\gondola\venice-gondola-fantasy-moon-mask-2070965.jpg,database\gondola
../database\gondola\venice-gondola-gondolier-midnight-2818369.jpg,database\gondola
../database\gondola\venice-gondola-houses-channel-2801832.jpg,database\gondola
../database\gondola\venice-gondola-italy-2712852.jpg,database\gondola
../database\gondola\venice-gondola-italy-channel-238413.jpg,database\gondola
../database\gondola\venice-gondola-italy-gondolas-sea-2269316.jpg,database\gondola
../database\gondola\venice-gondola-italy-travel-canal-2682767.jpg,database\gondola
../database\gondola\venice-gondola-italy-travel-europe-2440552.jpg,database\gondola
../database\gondola\venice-gondola-italy-water-203505.jpg,database\gondola
../database\gondola\venice-gondola-italy-water-2987350.jpg,database\gondola
../database\gondola\venice-gondola-midnight-in-love-2798010.jpg,database\gondola
../database\gondola\venice-gondola-rialto-bridge-water-864276.jpg,database\gondola
../database\gondola\venice-gondola-sea-laguna-italy-213935.jpg,database\gondola
../database\gondola\venice-gondola-sunset-italian-boat-venet-1546900.jpg,database\gondola
../database\gondola\venice-gondola-venetian-italy-gondlier-w-1612069.jpg,database\gondola
../database\gondola\venice-gondola-veneto-gondolier-3700015.jpg,database\gondola
../database\gondola\venice-gondola-water-boat-canal-594615.jpg,database\gondola
../database\gondola\venice-gondola-water-buildings-channel-i-955548.jpg,database\gondola
../database\gondola\venice-gondola-water-italy-boats-venice--1755499.jpg,database\gondola
../database\gondola\venice-gondolas-architecture-italy-2110265.jpg,database\gondola
../database\gondola\venice-gondolas-boats-sea-water-775463.jpg,database\gondola
../database\gondola\venice-gondolas-boats-water-sunset-dusk--924092.jpg,database\gondola
../database\gondola\venice-gondolas-italy-venezia-194835.jpg,database\gondola
../database\gondola\venice-gondolas-italy-water-gondola-cana-427209.jpg,database\gondola
../database\gondola\venice-gondolas-italy-water-venice-venic-973636.jpg,database\gondola
../database\gondola\venice-gondolas-parking-port-dock-1559354.jpg,database\gondola
../database\gondola\venice-gondolas-water-italy-806855.jpg,database\gondola
../database\gondola\venice-gondolier-gondola-italian-2467369.jpg,database\gondola
../database\gondola\venice-grand-canal-gondola-italian-2708446.jpg,database\gondola
../database\gondola\venice-grand-canal-italy-europe-night-il-918691.jpg,database\gondola
../database\gondola\venice-grand-canal-water-boats-gondolas--1524263.jpg,database\gondola
../database\gondola\venice-grand-canal-water-boats-gondolas--1705482.jpg,database\gondola
../database\gondola\venice-grand-canal-water-boats-gondolas--1843151.jpg,database\gondola
../database\gondola\venice-italy-architecture-channel-2642242.jpg,database\gondola
../database\gondola\venice-italy-architecture-channel-2667960.jpg,database\gondola
../database\gondola\venice-italy-architecture-channel-2695160.jpg,database\gondola
../database\gondola\venice-italy-architecture-channel-2695193.jpg,database\gondola
../database\gondola\venice-italy-architecture-channel-2699806.jpg,database\gondola
../database\gondola\venice-italy-architecture-palace-2927570.jpg,database\gondola
../database\gondola\venice-italy-architecture-sunset-1603273.jpg,database\gondola
../database\gondola\venice-italy-basilica-gondola-laguna-arc-1165234.jpg,database\gondola
../database\gondola\venice-italy-boats-city-urban-3531487.jpg,database\gondola
../database\gondola\venice-italy-bridge-of-sighs-2494237.jpg,database\gondola
../database\gondola\venice-italy-canal-architecture-1611133.jpg,database\gondola
../database\gondola\venice-italy-canal-landmark-city-3733136.jpg,database\gondola
../database\gondola\venice-italy-canal-landmark-city-3733156.jpg,database\gondola
../database\gondola\venice-italy-channel-gondola-gondolas-ba-2147634.jpg,database\gondola
../database\gondola\venice-italy-channel-gondolas-2923519.jpg,database\gondola
../database\gondola\venice-italy-cruise-ship-gondolas-2554244.jpg,database\gondola
../database\gondola\venice-italy-europe-travel-water-639479.jpg,database\gondola
../database\gondola\venice-italy-europe-travel-water-640555.jpg,database\gondola
../database\gondola\venice-italy-fog-europe-travel-598580.jpg,database\gondola
../database\gondola\venice-italy-gondola-3061955.jpg,database\gondola
../database\gondola\venice-italy-gondola-3526646.jpg,database\gondola
../database\gondola\venice-italy-gondola-boat-canal-2708291.jpg,database\gondola
../database\gondola\venice-italy-gondola-boat-channel-2855270.jpg,database\gondola
../database\gondola\venice-italy-gondola-bridge-channel-sea--472344.jpg,database\gondola
../database\gondola\venice-italy-gondola-bridge-laguna-472346.jpg,database\gondola
../database\gondola\venice-italy-gondola-buildings-352776.jpg,database\gondola
../database\gondola\venice-italy-gondola-buildings-357234.jpg,database\gondola
../database\gondola\venice-italy-gondola-buildings-city-arch-341468.jpg,database\gondola
../database\gondola\venice-italy-gondola-channel-2855271.jpg,database\gondola
../database\gondola\venice-italy-gondola-channel-water-2855269.jpg,database\gondola
../database\gondola\venice-italy-gondola-channel-water-venic-472347.jpg,database\gondola
../database\gondola\venice-italy-gondola-europe-travel-631362.jpg,database\gondola
../database\gondola\venice-italy-gondola-gondolier-2551486.jpg,database\gondola
../database\gondola\venice-italy-gondola-gondoliers-canal-tr-1606929.jpg,database\gondola
../database\gondola\venice-italy-gondola-gondoliers-canal-tr-1606938.jpg,database\gondola
../database\gondola\venice-italy-gondola-grand-canal-1602991.jpg,database\gondola
../database\gondola\venice-italy-gondola-lagoon-romantic-was-1035632.jpg,database\gondola
../database\gondola\venice-italy-gondola-outdoor-1602993.jpg,database\gondola
../database\gondola\venice-italy-gondola-outdoor-scenic-arch-1602994.jpg,database\gondola
../database\gondola\venice-italy-gondola-romantic-1035684.jpg,database\gondola
../database\gondola\venice-italy-gondola-sky-bridge-europe-c-1610395.jpg,database\gondola
../database\gondola\venice-italy-gondola-venetian-canal-3061058.jpg,database\gondola
../database\gondola\venice-italy-gondola-water-boat-173336.jpg,database\gondola
../database\gondola\venice-italy-gondola-water-splash-touris-2208936.jpg,database\gondola
../database\gondola\venice-italy-gondolas-175984.jpg,database\gondola
../database\gondola\venice-italy-gondolas-channel-venice-ven-1276664.jpg,database\gondola
../database\gondola\venice-italy-gondolas-gondoliers-2554255.jpg,database\gondola
../database\gondola\venice-italy-gondolas-lamp-dock-2554236.jpg,database\gondola
../database\gondola\venice-italy-gondolas-tourism-3396046.jpg,database\gondola
../database\gondola\venice-italy-lagoon-venezia-974674.jpg,database\gondola
../database\gondola\venice-italy-laguna-sea-gondola-472349.jpg,database\gondola
../database\gondola\venice-italy-rialto-bridge-1602992.jpg,database\gondola
../database\gondola\venice-italy-street-view-buildings-2637924.jpg,database\gondola
../database\gondola\venice-italy-tourism-the-old-town-2700045.jpg,database\gondola
../database\gondola\venice-italy-travel-water-europe-2755165.jpg,database\gondola
../database\gondola\venice-italy-traveling-europe-287976.jpg,database\gondola
../database\gondola\venice-italy-vacation-cityscape-italian--1952633.jpg,database\gondola
../database\gondola\venice-italy-venetian-canal-water-3057446.jpg,database\gondola
../database\gondola\venice-italy-venezia-water-channel-2724167.jpg,database\gondola
../database\gondola\venice-italy-water-architecture-3738518.jpg,database\gondola
../database\gondola\venice-italy-water-architecture-building-2013436.jpg,database\gondola
../database\gondola\venice-italy-water-europe-canal-173337.jpg,database\gondola
../database\gondola\venice-italy-water-gondola-channel-2635393.jpg,database\gondola
../database\gondola\venice-rialto-canal-italy-gondola-3699419.jpg,database\gondola
../database\gondola\venice-rialto-italy-bridge-grand-canal-g-2085864.jpg,database\gondola
../database\gondola\venice-roofs-channel-italy-venezia-3468785.jpg,database\gondola
../database\gondola\venice-sea-gondola-italy-building-2677212.jpg,database\gondola
../database\gondola\venice-sea-holidays-italy-venezia-998162.jpg,database\gondola
../database\gondola\venice-st-mark-s-square-quarell-3448577.jpg,database\gondola
../database\gondola\venice-taly-gondola-water-106666.jpg,database\gondola
../database\gondola\venice-taly-gondola-water-boating-106669.jpg,database\gondola
../database\gondola\venice-town-on-the-river-191575.jpg,database\gondola
../database\gondola\venice-vacations-italy-water-185829.jpg,database\gondola
../database\gondola\venice-venetian-evening-gondola-3228796.jpg,database\gondola
../database\gondola\venice-venezia-historically-italy-2881519.jpg,database\gondola
../database\gondola\venice-venezia-italy-203467.jpg,database\gondola
../database\gondola\venice-venice-carnival-mask-costume-pane-2100155.jpg,database\gondola
../database\gondola\vintage-travel-travel-poster-poster-vaca-1705056.jpg,database\gondola
../database\gondola\waters-gondola-boat-travel-sky-3247690.jpg,database\gondola
../database\gondola\waterway-canale-grande-venice-321295.jpg,database\gondola
../database\inflatable boat\boat-inflatable-boat-sea-motor-1085738.jpg,database\inflatable boat
../database\inflatable boat\boat-inflatable-rubber-activity-308891.jpg,database\inflatable boat
../database\inflatable boat\boat-port-reflections-water-1397551.jpg,database\inflatable boat
../database\inflatable boat\boat-river-girl-rowing-sports-charging-t-1556062.jpg,database\inflatable boat
../database\inflatable boat\boat-sea-inflatable-boat-coast-2646811.jpg,database\inflatable boat
../database\inflatable boat\boating-extreme-sport-inflatable-boat-un-1259608.jpg,database\inflatable boat
../database\inflatable boat\boating-extreme-sport-inflatable-boat-un-1259609.jpg,database\inflatable boat
../database\inflatable boat\inflatable-dinghy-pneumatic-boat-1977467.jpg,database\inflatable boat
../database\inflatable boat\kurort-rathen-saxon-switzerland-3529656.jpg,database\inflatable boat
../database\inflatable boat\kurort-rathen-saxon-switzerland-3529658.jpg,database\inflatable boat
../database\inflatable boat\nabada-inject-water-removal-ulm-189486.jpg,database\inflatable boat
../database\inflatable boat\rigid-hull-boat-inflatable-speed-crew-wa-1025344.jpg,database\inflatable boat
../database\inflatable boat\sailors-rigid-hull-inflatable-boat-1088385.jpg,database\inflatable boat
../database\inflatable boat\sea-the-ship-sky-cruise-tourism-2913388-copy.jpg,database\inflatable boat
../database\inflatable boat\sea-the-ship-sky-cruise-tourism-2913388.jpg,database\inflatable boat
../database\inflatable boat\water-inflatable-boat-sea-boa-yet-199811.jpg,database\inflatable boat
../database\inflatable boat\water-removal-ulm-danube-water-189483.jpg,database\inflatable boat
../database\inflatable boat\water-removal-ulm-danube-water-189488.jpg,database\inflatable boat
../database\inflatable boat\water-removal-ulm-danube-water-189489.jpg,database\inflatable boat
../database\inflatable boat\water-removal-ulm-danube-water-189490.jpg,database\inflatable boat
../database\inflatable boat\zachranari-inflatable-boat-ocean-846324.jpg,database\inflatable boat
../database\kayak\act-active-activity-adventure-boat-2672066.jpg,database\kayak
../database\kayak\act-active-activity-adventure-boat-2672090.jpg,database\kayak
../database\kayak\action-active-boat-danger-excitement-kay-16891.jpg,database\kayak
../database\kayak\action-active-boat-danger-excitement-kay-16892.jpg,database\kayak
../database\kayak\action-active-boat-two-excitement-kayak--20459.jpg,database\kayak
../database\kayak\adventure-boat-canoe-fun-kayak-lake-outd-1867074.jpg,database\kayak
../database\kayak\adventure-clear-water-exercise-1836601.jpg,database\kayak
../database\kayak\adventure-water-boat-canoeing-call-2674523.jpg,database\kayak
../database\kayak\antarctic-midnight-sun-kayak-polar-3474502.jpg,database\kayak
../database\kayak\atoll-barrier-beach-blue-canoeing-2674441.jpg,database\kayak
../database\kayak\austin-river-kayak-texas-town-lake-citys-2087145.jpg,database\kayak
../database\kayak\beach-mar-ocean-sky-umbrella-2014143.jpg,database\kayak
../database\kayak\beach-ocean-summer-landscape-2920655.jpg,database\kayak
../database\kayak\beach-sea-ocean-sunset-boats-1208504.jpg,database\kayak
../database\kayak\beach-seacoast-shore-kayak-sea-1244720.jpg,database\kayak
../database\kayak\boat-beach-kayak-landscape-summer-3754830.jpg,database\kayak
../database\kayak\boat-body-of-water-transport-sea-3079680.jpg,database\kayak
../database\kayak\boat-from-above-top-view-hai-2435056.jpg,database\kayak
../database\kayak\boat-kayak-inuit-transportation-kayaking-145550.jpg,database\kayak
../database\kayak\boat-kayak-kayaks-nature-water-3766640.jpg,database\kayak
../database\kayak\boat-kayak-sea-calm-beach-3698590.jpg,database\kayak
../database\kayak\boat-oars-man-dog-water-paddle-calm-summ-959079.jpg,database\kayak
../database\kayak\boat-waters-lake-travel-sea-river-3168511.jpg,database\kayak
../database\kayak\boats-canoeing-paddle-kayak-1350876.jpg,database\kayak
../database\kayak\bug-boat-paddle-boat-water-sports-3731415.jpg,database\kayak
../database\kayak\canoe-boat-paddling-water-summer-lake-sp-480465.jpg,database\kayak
../database\kayak\canoe-explore-travel-water-3595673.jpg,database\kayak
../database\kayak\canoe-kayak-athlete-activity-2895795.jpg,database\kayak
../database\kayak\canoe-kayak-athlete-effort-activity-2895791.jpg,database\kayak
../database\kayak\canoe-kayak-boat-water-paddle-3643088.jpg,database\kayak
../database\kayak\canoe-kayak-boat-water-paddle-3643096.jpg,database\kayak
../database\kayak\canoe-kayak-boat-water-paddle-3643113.jpg,database\kayak
../database\kayak\canoe-kayak-boat-water-paddle-3643120.jpg,database\kayak
../database\kayak\canoe-kayak-dam-obstacle-canoe-canoe-kay-1763394.jpg,database\kayak
../database\kayak\canoe-kayak-paddle-lake-water-2618417.jpg,database\kayak
../database\kayak\canoe-kayak-river-sport-rafting-river-ra-158768.jpg,database\kayak
../database\kayak\canoe-kayak-rowing-kayaking-canoeing-pad-1263169.jpg,database\kayak
../database\kayak\canoe-kayak-sport-adventure-2789786.jpg,database\kayak
../database\kayak\canoe-kayak-sport-kayaking-canoeing-2384643.jpg,database\kayak
../database\kayak\canoe-kayak-sport-kayaking-canoeing-2385203.jpg,database\kayak
../database\kayak\canoe-kayak-sport-kayaking-canoeing-2385207.jpg,database\kayak
../database\kayak\canoe-kayak-sport-water-sport-1405961.jpg,database\kayak
../database\kayak\canoe-kayak-water-sport-water-water-spor-2246464.jpg,database\kayak
../database\kayak\canoe-lake-adventure-kayak-canoeing-outd-2179196.jpg,database\kayak
../database\kayak\canoe-lake-forest-nature-water-canoeing--918969.jpg,database\kayak
../database\kayak\canoe-nature-water-summer-boat-49191.jpg,database\kayak
../database\kayak\canoe-oar-water-river-gard-france-3638441.jpg,database\kayak
../database\kayak\canoe-oar-water-river-gard-france-3638455.jpg,database\kayak
../database\kayak\canoe-portage-man-walking-boat-heavy-kay-158750.jpg,database\kayak
../database\kayak\canoe-sign-symbol-icon-boat-water-activi-309430.jpg,database\kayak
../database\kayak\canoe-water-boat-sport-kayak-river-canoe-49174.jpg,database\kayak
../database\kayak\canoe-water-boat-sport-paddle-49175.jpg,database\kayak
../database\kayak\canoe-water-nature-natural-outdoors-envi-49179.jpg,database\kayak
../database\kayak\canoe-water-oar-kayak-boat-3091709.jpg,database\kayak
../database\kayak\canoeing-kayak-ljubljana-slovenia-river--2149703.jpg,database\kayak
../database\kayak\canoeing-paddle-channel-2574922.jpg,database\kayak
../database\kayak\canoeing-paddle-channel-2574923.jpg,database\kayak
../database\kayak\canoeing-sea-beach-vacations-kayak-2412031.jpg,database\kayak
../database\kayak\canoeing-sport-water-sea-paddle-3600550.jpg,database\kayak
../database\kayak\canoeing-water-kayak-paddle-water-sports-1884182.jpg,database\kayak
../database\kayak\canoeing-water-river-boat-kayak-2920401.jpg,database\kayak
../database\kayak\canoes-water-mist-autumn-2914437.jpg,database\kayak
../database\kayak\colorful-kayaks-for-sale-water-vacation--1553246.jpg,database\kayak
../database\kayak\competition-kayak-race-ocean-281903.jpg,database\kayak
../database\kayak\des-moines-lake-kayak-iowa-des-2652691.jpg,database\kayak
../database\kayak\duck-sitting-floats-kayak-seat-3601384.jpg,database\kayak
../database\kayak\fisherman-angler-fishing-river-angling-k-850453.jpg,database\kayak
../database\kayak\ghent-belgium-architecture-building-3736082.jpg,database\kayak
../database\kayak\girl-kayak-canoe-kayaking-paddle-1561989.jpg,database\kayak
../database\kayak\glacier-kayak-alaska-ice-2687834.jpg,database\kayak
../database\kayak\gorges-you-verdon-kayak-drive-mirroring--1603829.jpg,database\kayak
../database\kayak\ha-long-bay-vietnam-travel-cruise-2404431.jpg,database\kayak
../database\kayak\kayak-adventure-discover-water-row-846078.jpg,database\kayak
../database\kayak\kayak-baltic-sea-sweden-coast-2465680.jpg,database\kayak
../database\kayak\kayak-beach-resort-island-travel-2404711.jpg,database\kayak
../database\kayak\kayak-beach-resort-island-travel-2404714.jpg,database\kayak
../database\kayak\kayak-boat-blue-ocean-sea-paddling-water-349674.jpg,database\kayak
../database\kayak\kayak-boat-canoe-paddling-river-309047.jpg,database\kayak
../database\kayak\kayak-boat-canoeing-paddle-sport-2565625.jpg,database\kayak
../database\kayak\kayak-boat-lake-kayaking-water-2483029.jpg,database\kayak
../database\kayak\kayak-boat-paddling-kayaking-kayaker-kay-350476.jpg,database\kayak
../database\kayak\kayak-boat-red-blue-sport-kayaking-canoe-91953.jpg,database\kayak
../database\kayak\kayak-boat-rio-2714529.jpg,database\kayak
../database\kayak\kayak-boat-rowing-landscape-sport-nature-1442939.jpg,database\kayak
../database\kayak\kayak-boat-water-kayaking-sport-sea-padd-833928.jpg,database\kayak
../database\kayak\kayak-boat-water-paddle-kayaking-sport-l-1541212.jpg,database\kayak
../database\kayak\kayak-canoe-boat-kayaks-rafting-281836.jpg,database\kayak
../database\kayak\kayak-canoe-paddles-paddling-fisherman-s-233177.jpg,database\kayak
../database\kayak\kayak-canoeing-boats-water-lake-silent-w-429597.jpg,database\kayak
../database\kayak\kayak-canoeing-sea-beach-yellow-197949.jpg,database\kayak
../database\kayak\kayak-canoeing-wannsee-paddle-2795514.jpg,database\kayak
../database\kayak\kayak-canoeists-water-sport-people-445219.jpg,database\kayak
../database\kayak\kayak-coast-rocks-shore-lake-2683879.jpg,database\kayak
../database\kayak\kayak-coast-tourism-sea-3190733.jpg,database\kayak
../database\kayak\kayak-creek-water-river-kayaking-343728.jpg,database\kayak
../database\kayak\kayak-fun-vacation-1536232.jpg,database\kayak
../database\kayak\kayak-kayaker-boat-paddle-river-sport-wa-476861.jpg,database\kayak
../database\kayak\kayak-kayaker-kayaking-oar-boat-sport-ac-168006.jpg,database\kayak
../database\kayak\kayak-kayakers-water-sports-paddle-rowin-59617.jpg,database\kayak
../database\kayak\kayak-kayaking-activity-adventure-soa-s-984569.jpg,database\kayak
../database\kayak\kayak-kayaking-kayaker-water-blue-river--163892.jpg,database\kayak
../database\kayak\kayak-kayaking-lake-water-paddle-2618298.jpg,database\kayak
../database\kayak\kayak-kayaking-people-water-sport-summer-1664061.jpg,database\kayak
../database\kayak\kayak-kayaking-sport-active-soa-sloveni-984566.jpg,database\kayak
../database\kayak\kayak-kayaking-water-sport-kayak-kayak-k-603314.jpg,database\kayak
../database\kayak\kayak-kayaks-beach-sea-kayaking-sit-on-t-969043.jpg,database\kayak
../database\kayak\kayak-lake-nature-landscape-river-1323299.jpg,database\kayak
../database\kayak\kayak-lake-outdoors-sport-recreation-kay-1465191.jpg,database\kayak
../database\kayak\kayak-lake-paddle-sport-summer-2758691.jpg,database\kayak
../database\kayak\kayak-lake-summer-nature-kayaking-recrea-437419.jpg,database\kayak
../database\kayak\kayak-lake-water-kayaking-recreation-act-89252.jpg,database\kayak
../database\kayak\kayak-lake-water-mountains-alaska-nature-218196.jpg,database\kayak
../database\kayak\kayak-lake-water-sunshine-summer-2619870.jpg,database\kayak
../database\kayak\kayak-man-active-boat-paddle-kayaking-sp-158581.jpg,database\kayak
../database\kayak\kayak-nature-landscape-summer-3709004.jpg,database\kayak
../database\kayak\kayak-nature-water-summer-paddle-3678281.jpg,database\kayak
../database\kayak\kayak-observation-tower-river-mangrove-n-1523731.jpg,database\kayak
../database\kayak\kayak-ocean-atlantic-grey-blue-2889458.jpg,database\kayak
../database\kayak\kayak-ocean-british-columbia-209903.jpg,database\kayak
../database\kayak\kayak-ocean-rafting-canoe-boat-adventure-282329.jpg,database\kayak
../database\kayak\kayak-on-the-water-lake-nature-3698118.jpg,database\kayak
../database\kayak\kayak-paddle-boat-outdoors-lake-454355.jpg,database\kayak
../database\kayak\kayak-paddle-white-water-sport-water-spo-809697.jpg,database\kayak
../database\kayak\kayak-paddling-kayaking-river-40749.jpg,database\kayak
../database\kayak\kayak-paddling-water-lake-summer-nature--437418.jpg,database\kayak
../database\kayak\kayak-para-boat-water-lake-kayaks-3570317.jpg,database\kayak
../database\kayak\kayak-person-water-sport-activity-3793713.jpg,database\kayak
../database\kayak\kayak-racing-helmet-sport-olympics-305323.jpg,database\kayak
../database\kayak\kayak-rafting-canoe-boat-adventure-282068.jpg,database\kayak
../database\kayak\kayak-rafting-canoe-boat-adventure-paddl-282312.jpg,database\kayak
../database\kayak\kayak-rafting-canoe-man-boat-282330.jpg,database\kayak
../database\kayak\kayak-rafting-canoe-man-boat-adventure-k-282003.jpg,database\kayak
../database\kayak\kayak-river-child-canoe-water-kayaking-p-929918.jpg,database\kayak
../database\kayak\kayak-river-child-canoe-water-kayaking-p-929919.jpg,database\kayak
../database\kayak\kayak-river-man-person-paddler-paddling--158582.jpg,database\kayak
../database\kayak\kayak-river-nature-kayak-kayak-kayak-kay-1596818.jpg,database\kayak
../database\kayak\kayak-river-sport-water-rafting-2380592.jpg,database\kayak
../database\kayak\kayak-river-water-boat-man-2996319.jpg,database\kayak
../database\kayak\kayak-rowing-relax-lake-haze-2858872.jpg,database\kayak
../database\kayak\kayak-sea-cte-d---azur-sea-kayak-blue-w-1714591.jpg,database\kayak
../database\kayak\kayak-sea-man-person-paddling-hand-hello-158583.jpg,database\kayak
../database\kayak\kayak-sea-sport-beach-hot-summer-14759.jpg,database\kayak
../database\kayak\kayak-sea-water-sport-kayaking-2638305.jpg,database\kayak
../database\kayak\kayak-sea-water-sport-kayaking-2707226.jpg,database\kayak
../database\kayak\kayak-summer-natural-outdoor-beach-3621398.jpg,database\kayak
../database\kayak\kayak-sunset-water-nature-summer-3705662.jpg,database\kayak
../database\kayak\kayak-water-blue-leisure-activity-outdoo-963160.jpg,database\kayak
../database\kayak\kayak-water-outdoor-paddle-3621399.jpg,database\kayak
../database\kayak\kayak-water-sports-for-two-interaction-s-798015.jpg,database\kayak
../database\kayak\kayak-water-swimming-kayaks-summer-3738459.jpg,database\kayak
../database\kayak\kayak-white-water-water-sports-798016.jpg,database\kayak
../database\kayak\kayak-white-water-water-sports-courage-s-798009.jpg,database\kayak
../database\kayak\kayak-white-water-water-sports-man-795935.jpg,database\kayak
../database\kayak\kayak-white-water-water-sports-paddle-he-798014.jpg,database\kayak
../database\kayak\kayak-whitewater-action-helmet-936191.jpg,database\kayak
../database\kayak\kayak-whitewater-action-helmet-extreme-a-936190.jpg,database\kayak
../database\kayak\kayak-yellow-canoeing-sea-salento-197945.jpg,database\kayak
../database\kayak\kayaker-kayak-kayaking-ocean-sea-75698.jpg,database\kayak
../database\kayak\kayakers-kayak-paddle-rowing-water-3940.jpg,database\kayak
../database\kayak\kayakers-kayak-paddle-rowing-water-canoe-3941.jpg,database\kayak
../database\kayak\kayaking-canoing-lakes-streams-creeks-wa-1149886.jpg,database\kayak
../database\kayak\kayaking-extreme-kayak-water-sport-adven-1122520.jpg,database\kayak
../database\kayak\kayaking-girl-leisure-sport-outdoor-wate-918464.jpg,database\kayak
../database\kayak\kayaking-kayak-activity-boat-paddle-summ-796790.jpg,database\kayak
../database\kayak\kayaking-kayak-extreme-sports-2684812.jpg,database\kayak
../database\kayak\kayaking-kayaker-kayak-water-sports-wate-569282.jpg,database\kayak
../database\kayak\kayaking-kayaker-sport-kayak-competition-662858.jpg,database\kayak
../database\kayak\kayaking-kayakers-sport-kayak-recreation-2071920.jpg,database\kayak
../database\kayak\kayaking-kayakers-sport-kayaks-3734062.jpg,database\kayak
../database\kayak\kayaking-paddling-vancouver-lake-2615279.jpg,database\kayak
../database\kayak\kayaking-water-blue-sport-summer-2827697.jpg,database\kayak
../database\kayak\kayaking-water-sport-activity-leisure-li-1814437.jpg,database\kayak
../database\kayak\kayaking-water-sport-activity-outdoors-b-1814426.jpg,database\kayak
../database\kayak\kayaking-water-sport-activity-training-o-640387.jpg,database\kayak
../database\kayak\kayaking-water-sport-adventure-wildernes-850449.jpg,database\kayak
../database\kayak\kayaking-water-sport-adventure-wildernes-850455.jpg,database\kayak
../database\kayak\kayaks-beach-shore-lake-water-584692.jpg,database\kayak
../database\kayak\kayaks-beached-lake-yellowstone-1405994.jpg,database\kayak
../database\kayak\kayaks-boat-color-sport-dock-kayaks-kaya-908859.jpg,database\kayak
../database\kayak\kayaks-kayaking-water-sport-summer-2728181.jpg,database\kayak
../database\kayak\kayaks-lake-nature-landscape-river-1306723.jpg,database\kayak
../database\kayak\kayaks-lake-water-nature-canoe-boat-spor-16944.jpg,database\kayak
../database\kayak\kayaks-pattern-boats-colorful-180543.jpg,database\kayak
../database\kayak\kayaks-rafting-canoes-boats-281819.jpg,database\kayak
../database\kayak\kayaks-sea-tourism-holiday-summer-2927322.jpg,database\kayak
../database\kayak\krutynia-canoe-trip-river-2819166.jpg,database\kayak
../database\kayak\lake-alpine-lake-kayak-bergsee-3682633.jpg,database\kayak
../database\kayak\lake-autumn-nature-trees-landscape-1798498.jpg,database\kayak
../database\kayak\lake-bridge-kayak-sunset-1374093.jpg,database\kayak
../database\kayak\lake-canoe-kayak-canoeing-kayaking-2783302.jpg,database\kayak
../database\kayak\lake-canoeing-water-nature-2872156.jpg,database\kayak
../database\kayak\lake-carmi-vermont-rural-kayaks-3525386.jpg,database\kayak
../database\kayak\lake-garda-italy-beach-kayaks-981371.jpg,database\kayak
../database\kayak\lake-holy-cross-verdon-france-2852847.jpg,database\kayak
../database\kayak\lake-island-water-reflection-sky-2787631.jpg,database\kayak
../database\kayak\lake-kayak-clouds-mirroring-boje-3759770.jpg,database\kayak
../database\kayak\lake-kayak-fishing-summer-beautiful-land-404797.jpg,database\kayak
../database\kayak\lake-kayak-paddle-water-sports-2687100.jpg,database\kayak
../database\kayak\lake-kayak-water-kayaking-summer-2787690.jpg,database\kayak
../database\kayak\lake-mcdonald-landscape-kayaking-mountai-1583654.jpg,database\kayak
../database\kayak\lake-mcdonald-landscape-kayaking-mountai-1583657.jpg,database\kayak
../database\kayak\lake-summer-kayaks-water-landscape-3687134.jpg,database\kayak
../database\kayak\lake-tahoe-california-kayak-water-2245241.jpg,database\kayak
../database\kayak\lake-water-kayaks-canoes-outdoors-926635.jpg,database\kayak
../database\kayak\lake-water-sunshine-summer-canoe-kayak-t-690731.jpg,database\kayak
../database\kayak\landscape-girl-nature-kayak-3591247.jpg,database\kayak
../database\kayak\leisure-canoeing-kayak-paddle-368487.jpg,database\kayak
../database\kayak\man-kayak-sea-sport-beach-14784.jpg,database\kayak
../database\kayak\massachusetts-landscape-charles-93265.jpg,database\kayak
../database\kayak\men-kayak-rafting-canoe-boat-adventure-w-282255.jpg,database\kayak
../database\kayak\montral-chteauguay-water-kayak-sport-w-1427172.jpg,database\kayak
../database\kayak\nature-storm-kayak-rain-3391224.jpg,database\kayak
../database\kayak\ocean-kayak-kayaking-summer-water-2673555.jpg,database\kayak
../database\kayak\ocean-landscape-water-nature-3762814.jpg,database\kayak
../database\kayak\ocean-water-nature-boat-horizon-3762815.jpg,database\kayak
../database\kayak\outdoor-healing-tranquil-lake-kayak-peac-2206196.jpg,database\kayak
../database\kayak\paddle-canoeing-kayak-canadians-canadian-812266.jpg,database\kayak
../database\kayak\paddle-canoeing-kayak-leisure-2611126.jpg,database\kayak
../database\kayak\paddle-kayak-canoe-explore-ocean-839814.jpg,database\kayak
../database\kayak\paddle-kayak-canoeing-explore-3729596.jpg,database\kayak
../database\kayak\paddle-kayak-kayaking-water-canoe-3364763.jpg,database\kayak
../database\kayak\panoramic-new-york-city-hudson-river-2611522.jpg,database\kayak
../database\kayak\portland-oregon-river-canoe-portland-ore-1147712.jpg,database\kayak
../database\kayak\rapid-water-fall-river-wild-white-splash-315321.jpg,database\kayak
../database\kayak\recreation-travel-attraction-tourist-spo-43881.jpg,database\kayak
../database\kayak\resort-kayak-lagoon-tropical-water-beach-911968.jpg,database\kayak
../database\kayak\river-kayak-kayaking-paddling-summer-sun-2206278.jpg,database\kayak
../database\kayak\river-water-leisure-kayak-paddling-sunse-691395.jpg,database\kayak
../database\kayak\sea-costa-sky-holiday-water-blue-2834297.jpg,database\kayak
../database\kayak\sea-kayaking-father-and-son-adventure-fa-253525.jpg,database\kayak
../database\kayak\seagull-bird-fowl-sky-clouds-94926.jpg,database\kayak
../database\kayak\sitting-duck-looks-kayak-swim-3601355.jpg,database\kayak
../database\kayak\sport-vacations-masuria-kayak-2580336.jpg,database\kayak
../database\kayak\sport-water-sports-kayak-canoeing-473878.jpg,database\kayak
../database\kayak\sport-water-sports-kayak-canoeing-473879.jpg,database\kayak
../database\kayak\sport-water-sports-kayak-kayak-kayak-kay-542429.jpg,database\kayak
../database\kayak\summer-beach-stone-trees-azure-blue-sea--811246.jpg,database\kayak
../database\kayak\sunset-kayaking-lake-summer-3631742.jpg,database\kayak
../database\kayak\sunset-mountains-kayak-oar-water-2831769.jpg,database\kayak
../database\kayak\tourists-canoe-travel-nature-adventure-l-2129565.jpg,database\kayak
../database\kayak\tourists-canoe-travel-nature-adventure-l-2129575.jpg,database\kayak
../database\kayak\victoria-bc-discovery-island-kayak-2459392.jpg,database\kayak
../database\kayak\water-kayak-holiday-rafting-3458877.jpg,database\kayak
../database\kayak\water-kayak-pictogram-lake-river-helmet--307676.jpg,database\kayak
../database\kayak\water-lake-boat-landscape-sun-fog-3398111.jpg,database\kayak
../database\kayak\water-ocean-canoe-sea-summer-3359746.jpg,database\kayak
../database\kayak\water-person-mountain-admiring-happy-hol-807209.jpg,database\kayak
../database\kayak\water-river-kayak-landscape-2506943.jpg,database\kayak
../database\kayak\waterfall-i-with-kayaks-rafting-water-ka-1549635.jpg,database\kayak
../database\kayak\waterfall-i-with-kayaks-rafting-water-ka-1549639.jpg,database\kayak
../database\kayak\waterfall-oregon-bridal-veil-falls-kayak-300536.jpg,database\kayak
../database\kayak\waters-kayak-canoeing-paddle-water-2687791.jpg,database\kayak
../database\kayak\whitewater-kayaking-kayak-river-3402204.jpg,database\kayak
../database\kayak\zrich-river-kayak-water-centre-zurich-s-300301.jpg,database\kayak
../database\paper boat\boat-cute-minimal-origami-paper-1295836.jpg,database\paper boat
../database\paper boat\boat-fold-folded-paper-ship-boat-boat-bo-1294269.jpg,database\paper boat
../database\paper boat\boat-meet-friends-fight-lego-3617330.jpg,database\paper boat
../database\paper boat\boat-paper-folded-ship-water-153358.jpg,database\paper boat
../database\paper boat\boat-paper-origami-craft-35129.jpg,database\paper boat
../database\paper boat\boat-sail-float-paper-newspaper-2770960.jpg,database\paper boat
../database\paper boat\career-paper-origami-leader-marina-marin-1738216.jpg,database\paper boat
../database\paper boat\childhood-paper-boat-simple-paper-3559166.jpg,database\paper boat
../database\paper boat\dawn-papierschiff-ship-sea-sunset-3361172.jpg,database\paper boat
../database\paper boat\euro-ship-money-sailboat-origami-map-fin-1605659.jpg,database\paper boat
../database\paper boat\figure-watercolor-painting-boy-3363370.jpg,database\paper boat
../database\paper boat\fold-paper-boat-water-abstract-2463747.jpg,database\paper boat
../database\paper boat\jetty-pier-fog-foggy-morning-2767167.jpg,database\paper boat
../database\paper boat\origami-boat-fold-folding-paper-151997.jpg,database\paper boat
../database\paper boat\origami-paper-boat-paper-ship-paper-155166.jpg,database\paper boat
../database\paper boat\origami-paper-sailing-sailboat-1067673.jpg,database\paper boat
../database\paper boat\paper-boat-coloured-colored-2770974.jpg,database\paper boat
../database\paper boat\paper-boat-newspaper-origami-2770961.jpg,database\paper boat
../database\paper boat\paper-boat-newspaper-tinker-paper-boat-p-2101247.jpg,database\paper boat
../database\paper boat\paper-boat-origami-2570218.jpg,database\paper boat
../database\paper boat\paper-boat-origami-float-childhood-toy-k-1644988.jpg,database\paper boat
../database\paper boat\paper-boat-paper-folded-heart-2287575.jpg,database\paper boat
../database\paper boat\paper-boat-paper-folded-plus-minus-2287555.jpg,database\paper boat
../database\paper boat\paper-boat-toy-folded-crafts-papers-play-34131.jpg,database\paper boat
../database\paper boat\paper-boat-water-afloat-on-the-street-fl-2270314.jpg,database\paper boat
../database\paper boat\paper-rowboat-boat-water-blue-3290362.jpg,database\paper boat
../database\paper boat\paper-ship-boat-shipping-craft-2389326.jpg,database\paper boat
../database\paper boat\paper-toy-boat-kids-folding-float-40021.jpg,database\paper boat
../database\paper boat\paperboat-water-voyage-paper-boat-toy-fl-1014962.jpg,database\paper boat
../database\paper boat\papierschiff-paper-ship-fold-635402.jpg,database\paper boat
../database\paper boat\papierschiff-water-boat-ship-fold-origam-389016.jpg,database\paper boat
../database\paper boat\pareo-origami-boat-boat-paper-2522811.jpg,database\paper boat
../database\paper boat\pareo-origami-boat-boat-paper-2522836.jpg,database\paper boat
../database\paper boat\pareo-origami-boat-boat-paper-2522837.jpg,database\paper boat
../database\paper boat\ship-away-boat-vase-water-red-315309.jpg,database\paper boat
../database\paper boat\ship-away-boat-vase-water-red-316558.jpg,database\paper boat
../database\paper boat\ship-away-boat-vase-water-red-paper-boat-315308.jpg,database\paper boat
../database\paper boat\ship-away-boat-vase-water-red-paper-boat-316557.jpg,database\paper boat
../database\paper boat\ship-away-boat-water-red-315312.jpg,database\paper boat
../database\paper boat\ship-sailing-boat-paper-water-2531237.jpg,database\paper boat
../database\sailboat\abendstimmung-sunset-evening-sky-817715.jpg,database\sailboat
../database\sailboat\activity-adventure-boat-cruise-3602690.jpg,database\sailboat
../database\sailboat\albin-express-sailboat-regatta-top-mark--971506.jpg,database\sailboat
../database\sailboat\alpine-lake-beach-tops-the-alps-3565476.jpg,database\sailboat
../database\sailboat\america-boat-flag-ocean-sailboat-sea-shi-1298037.jpg,database\sailboat
../database\sailboat\anchored-boats-ocean-nautical-sailboat-b-2047077.jpg,database\sailboat
../database\sailboat\annapolis-maryland-bay-harbor-water-sail-89803.jpg,database\sailboat
../database\sailboat\archipelago-sailboat-mast-boats-434809.jpg,database\sailboat
../database\sailboat\architecture-buildings-city-cityscape-cl-1839097.jpg,database\sailboat
../database\sailboat\astronira-sea-sailing-ship-gouache-paint-213674.jpg,database\sailboat
../database\sailboat\bahrain-sky-clouds-sailboats-sea-ocean-w-89828.jpg,database\sailboat
../database\sailboat\battleship-pirate-ship-sailboat-warship--1688093.jpg,database\sailboat
../database\sailboat\bird-s-eye-view-yacht-sea-sailboats-wate-2133661.jpg,database\sailboat
../database\sailboat\blue-boat-freedom-horizon-ocean-2878.jpg,database\sailboat
../database\sailboat\blue-boat-freedom-horizon-ocean-84588.jpg,database\sailboat
../database\sailboat\boat-coast-island-nature-ocean-rocks-sai-1836542.jpg,database\sailboat
../database\sailboat\boat-dawn-dusk-mast-ocean-sailboat-saili-1867174.jpg,database\sailboat
../database\sailboat\boat-docked-vessel-harbor-ocean-pier-sea-983899.jpg,database\sailboat
../database\sailboat\boat-fishing-ocean-sailboat-sailing-sea--1298033.jpg,database\sailboat
../database\sailboat\boat-fog-marine-loneliness-nature-2333306.jpg,database\sailboat
../database\sailboat\boat-front-rope-sail-marine-sky-3646499.jpg,database\sailboat
../database\sailboat\boat-haze-ship-alone-marine-water-1819696.jpg,database\sailboat
../database\sailboat\boat-holiday-water-direct-sailboat-3620792.jpg,database\sailboat
../database\sailboat\boat-marine-maritime-ocean-sailboat-sea--2028001.jpg,database\sailboat
../database\sailboat\boat-marine-ocean-sailboat-sea-ship-silh-1297042.jpg,database\sailboat
../database\sailboat\boat-ocean-recreation-sailboat-sea-trans-2028042.jpg,database\sailboat
../database\sailboat\boat-ocean-sea-water-sunset-3729971.jpg,database\sailboat
../database\sailboat\boat-sail-boat-sailing-boat-sailing-sea--304361.jpg,database\sailboat
../database\sailboat\boat-sail-harbor-ship-sea-sailing-water--1962828.jpg,database\sailboat
../database\sailboat\boat-sail-port-vacations-3007853.jpg,database\sailboat
../database\sailboat\boat-sail-sailboat-schooner-sea-ship-oce-159368.jpg,database\sailboat
../database\sailboat\boat-sail-sailboat-sea-ship-water-1867124.jpg,database\sailboat
../database\sailboat\boat-sail-sailing-sea-sail-boat-950361.jpg,database\sailboat
../database\sailboat\boat-sailboat-bar-navigation-boat-boat-b-808324.jpg,database\sailboat
../database\sailboat\boat-sailboat-lake-water-nature-sail-sai-933055.jpg,database\sailboat
../database\sailboat\boat-sailboat-ocean-sailing-port-3240220.jpg,database\sailboat
../database\sailboat\boat-sailboat-pontoon-sailing-2632503.jpg,database\sailboat
../database\sailboat\boat-sailboat-rhne-river-browse-france--1949685.jpg,database\sailboat
../database\sailboat\boat-sailboat-sail-sea-nature-17778.jpg,database\sailboat
../database\sailboat\boat-sailboat-sailing-boat-boat-boat-boa-1297487.jpg,database\sailboat
../database\sailboat\boat-sailboat-sailing-ship-2027331.jpg,database\sailboat
../database\sailboat\boat-sailboat-sailing-ship-ocean-water-w-145419.jpg,database\sailboat
../database\sailboat\boat-sailboat-sea-ocean-wind-sailing-sai-1161380.jpg,database\sailboat
../database\sailboat\boat-sailboat-sea-sailing-159095.jpg,database\sailboat
../database\sailboat\boat-sailboat-ship-yacht-sail-2493190.jpg,database\sailboat
../database\sailboat\boat-sailboat-sunset-navigation-boat-boa-1787261.jpg,database\sailboat
../database\sailboat\boat-sailboat-wind-marine-water-3620840.jpg,database\sailboat
../database\sailboat\boat-sailboat-wood-port-953975.jpg,database\sailboat
../database\sailboat\boat-sailing-boat-mast-sail-165310.jpg,database\sailboat
../database\sailboat\boat-sailing-boat-rest-calm-silent-1992137.jpg,database\sailboat
../database\sailboat\boat-sailing-canal-sail-ship-sun-sky-wat-2112210.jpg,database\sailboat
../database\sailboat\boat-sailing-flag-circle-transportation--48647.jpg,database\sailboat
../database\sailboat\boat-sailing-sail-ship-nautical-sea-wate-1293071.jpg,database\sailboat
../database\sailboat\boat-sea-horizon-island-small-sail-summe-950359.jpg,database\sailboat
../database\sailboat\boat-sea-horizon-seascape-sailboat-2861565.jpg,database\sailboat
../database\sailboat\boat-ship-tradition-sea-sailing-220070.jpg,database\sailboat
../database\sailboat\boat-summer-sea-ship-sail-travel-1634811.jpg,database\sailboat
../database\sailboat\boat-sunset-sea-sunbeam-sail-721937.jpg,database\sailboat
../database\sailboat\boat-vessel-ship-sailboat-pirate-ship-cr-2019184.jpg,database\sailboat
../database\sailboat\boats-lake-regatta-landscape-3635880.jpg,database\sailboat
../database\sailboat\boats-marina-dock-water-harbor-sea-nauti-802067.jpg,database\sailboat
../database\sailboat\boats-sail-sea-mediterranean-1597885.jpg,database\sailboat
../database\sailboat\boats-sailboats-boat-sailing-boat-2351182.jpg,database\sailboat
../database\sailboat\boats-sailing-boat-sailing-boat-3751139.jpg,database\sailboat
../database\sailboat\boats-sea-port-blue-water-summer-3638570.jpg,database\sailboat
../database\sailboat\boats-yacht-bay-ship-water-sea-2758960.jpg,database\sailboat
../database\sailboat\boats-yacht-ship-water-sea-marina-2758962.jpg,database\sailboat
../database\sailboat\body-of-water-sea-ocean-boat-3183509.jpg,database\sailboat
../database\sailboat\body-of-water-sea-ocean-nature-3137509.jpg,database\sailboat
../database\sailboat\body-of-water-sea-sunset-sailboat-3179387.jpg,database\sailboat
../database\sailboat\boracay-sunset-philippines-beach-3031029.jpg,database\sailboat
../database\sailboat\bosphorus-istanbul-sailboat-3556995.jpg,database\sailboat
../database\sailboat\boston-massachusetts-city-urban-skyline--1775870.jpg,database\sailboat
../database\sailboat\bottle-seashore-sailing-boat-sail-sky-cl-1470589.jpg,database\sailboat
../database\sailboat\california-panorama-sea-ocean-2686349.jpg,database\sailboat
../database\sailboat\caribbean-sunset-sailboat-palmtree-ocean-1504584.jpg,database\sailboat
../database\sailboat\caribbean-sunset-soap-bubble-ball-851218.jpg,database\sailboat
../database\sailboat\catamaran-boat-vessel-sea-travel-2288349.jpg,database\sailboat
../database\sailboat\catamaran-sailing-boat-sailboat-3582541.jpg,database\sailboat
../database\sailboat\catamaran-sailing-sailboat-boat-199153.jpg,database\sailboat
../database\sailboat\cave-grotto-vacations-sardinia-memory-me-2077979.jpg,database\sailboat
../database\sailboat\clearwater-villa-ocean-view-barbados-sai-1549553.jpg,database\sailboat
../database\sailboat\clipper-sail-boat-ocean-sea-ship-nautica-487503.jpg,database\sailboat
../database\sailboat\clipper-ship-sea-boat-ocean-sky-989030.jpg,database\sailboat
../database\sailboat\clipper-ship-tall-masts-sailing-812669.jpg,database\sailboat
../database\sailboat\clipper-ship-tall-masts-sailing-812699.jpg,database\sailboat
../database\sailboat\coast-ship-pirates-sailboat-cyprus-ship--1136247.jpg,database\sailboat
../database\sailboat\corsican-bonifacio-port-fortress-3717293.jpg,database\sailboat
../database\sailboat\crete-boat-sails-sea-water-greece-907242.jpg,database\sailboat
../database\sailboat\cruise-ship-traditional-sea-horizon-2266719.jpg,database\sailboat
../database\sailboat\darling-harbour-sydney-australia-skyline-318508.jpg,database\sailboat
../database\sailboat\dawn-papierschiff-ship-sea-sunset-3361172.jpg,database\sailboat
../database\sailboat\denmark-sky-clouds-sunset-dusk-boats-shi-1823993.jpg,database\sailboat
../database\sailboat\direct-high-boat-sailboat-blue-3648585.jpg,database\sailboat
../database\sailboat\dog-thoroughbred-sailboat-yacht-3146634.jpg,database\sailboat
../database\sailboat\emotions-nature-rest-sailing-boat-3658967.jpg,database\sailboat
../database\sailboat\europa-sailboat-fs-senator-brockes-1185800.jpg,database\sailboat
../database\sailboat\evening-lake-water-sailing-boat-3793471.jpg,database\sailboat
../database\sailboat\fiumanka-sailing-race-sailboat-yacht-win-1049747.jpg,database\sailboat
../database\sailboat\fog-landscape-nature-sun-2886563.jpg,database\sailboat
../database\sailboat\fog-landscape-nature-sun-2886564.jpg,database\sailboat
../database\sailboat\galleon-sailing-ship-sail-ship-sailing-m-146994.jpg,database\sailboat
../database\sailboat\galleon-ship-historic-moored-sail-vessel-1572631.jpg,database\sailboat
../database\sailboat\greece-boats-sailboat-sea-ocean-2665945.jpg,database\sailboat
../database\sailboat\greece-rhodes-sea-water-boat-sailing-boa-848987.jpg,database\sailboat
../database\sailboat\greece-sea-ocean-mountains-2693408.jpg,database\sailboat
../database\sailboat\greece-sea-sailboat-roof-mountains-vacat-2228690.jpg,database\sailboat
../database\sailboat\greenland-boat-sailboat-ice-nature-ship--459793.jpg,database\sailboat
../database\sailboat\harbor-pier-water-sea-yacht-3120195.jpg,database\sailboat
../database\sailboat\harbor-port-sailboat-boat-marseille-fran-1883510.jpg,database\sailboat
../database\sailboat\hawaii-sunset-sailboat-yellow-orange-oce-1421081.jpg,database\sailboat
../database\sailboat\hermione-charente-sailboat-3139518.jpg,database\sailboat
../database\sailboat\holiday-landscape-boat-sailboat-3637125.jpg,database\sailboat
../database\sailboat\holiday-landscape-boat-sailboat-3637129.jpg,database\sailboat
../database\sailboat\holiday-sailboat-sunset-boating-sailing--25657.jpg,database\sailboat
../database\sailboat\honfleur-port-old-people-historical-3624517.jpg,database\sailboat
../database\sailboat\horizon-beach-pier-post-glare-2300196.jpg,database\sailboat
../database\sailboat\house-sea-seaside-blue-nature-1307469.jpg,database\sailboat
../database\sailboat\house-summer-seaside-sand-beach-sea-blue-1956046.jpg,database\sailboat
../database\sailboat\image-picture-photo-sea-ocean-sailing-sa-98475.jpg,database\sailboat
../database\sailboat\island-sailing-boat-greece-sea-3776435.jpg,database\sailboat
../database\sailboat\lake-balaton-balatonalmdi-port-3716700.jpg,database\sailboat
../database\sailboat\lake-balaton-nature-landscape-2640179.jpg,database\sailboat
../database\sailboat\lake-boat-summer-idyll-water-sky-3617526.jpg,database\sailboat
../database\sailboat\lake-boat-water-sailing-boat-sailing-ves-1915846.jpg,database\sailboat
../database\sailboat\lake-constance-sailing-boat-boat-621700.jpg,database\sailboat
../database\sailboat\lake-dock-sunset-serene-boats-pier-sailb-405657.jpg,database\sailboat
../database\sailboat\lake-geneva-montreux-switzerland-933465.jpg,database\sailboat
../database\sailboat\lake-geneva-montreux-switzerland-933466.jpg,database\sailboat
../database\sailboat\lake-on-the-water-far-idyllic-3698212.jpg,database\sailboat
../database\sailboat\lake-sailing-vessel-wind-1618382.jpg,database\sailboat
../database\sailboat\lake-sunrise-morning-water-3617527.jpg,database\sailboat
../database\sailboat\lake-sunset-abendstimmung-evening-3452510.jpg,database\sailboat
../database\sailboat\landscape-solar-nature-sky-sunset-3730029.jpg,database\sailboat
../database\sailboat\landscape-twilight-marina-porto-3524381.jpg,database\sailboat
../database\sailboat\landscape-yacht-sunrise-reflection-1802340.jpg,database\sailboat
../database\sailboat\lastovo-croatia-ship-sea-jadran-sailing--974826.jpg,database\sailboat
../database\sailboat\light-bulb-sea-sailing-vessel-1417742.jpg,database\sailboat
../database\sailboat\lighthouse-boat-sail-boat-sea-ocean-wate-937726.jpg,database\sailboat
../database\sailboat\lighthouse-light-house-sea-nautical-wate-746278.jpg,database\sailboat
../database\sailboat\mallorca-palma-de-mallorca-marina-3259154.jpg,database\sailboat
../database\sailboat\manipulation-photoshop-kitchen-faucet-wa-1875815.jpg,database\sailboat
../database\sailboat\marina-boat-river-water-landscape-2192107.jpg,database\sailboat
../database\sailboat\marina-boats-sailboat-reflection-3648612.jpg,database\sailboat
../database\sailboat\mast-boat-sailboat-sky-486598.jpg,database\sailboat
../database\sailboat\mast-rigging-ship-sailboat-tall-ship-sun-983904.jpg,database\sailboat
../database\sailboat\mast-sailboat-sailing-clouds-cloudy-sky--925270.jpg,database\sailboat
../database\sailboat\mats-rope-ladders-sailboat-1273182.jpg,database\sailboat
../database\sailboat\model-boat-sailboat-yacht-sail-sailing-s-1246639.jpg,database\sailboat
../database\sailboat\nature-landscape-lake-sea-sail-2032666.jpg,database\sailboat
../database\sailboat\new-york-skyline-manhattan-hudson-540807.jpg,database\sailboat
../database\sailboat\nyc-sunset-sailboat-reflections-216106.jpg,database\sailboat
../database\sailboat\ocean-sail-sailboat-sea-2027651.jpg,database\sailboat
../database\sailboat\ocean-sailboat-sailing-sky-blue-marine-w-993075.jpg,database\sailboat
../database\sailboat\ocean-sailboat-sea-horizon-sky-blue-wate-802127.jpg,database\sailboat
../database\sailboat\ocean-starry-sky-milky-way-rest-3605547.jpg,database\sailboat
../database\sailboat\ocean-sunset-atlantic-ocean-barbados-sai-1549556.jpg,database\sailboat
../database\sailboat\painting-watercolor-figure-ship-3347301.jpg,database\sailboat
../database\sailboat\panorama-chiemsee-landscape-nature-2702126.jpg,database\sailboat
../database\sailboat\para-senior-people-male-sailboat-3337426.jpg,database\sailboat
../database\sailboat\patio-veranda-chairs-rattan-furniture-se-761862.jpg,database\sailboat
../database\sailboat\photomontage-bay-water-sailing-boat-2404867.jpg,database\sailboat
../database\sailboat\photomontage-water-sea-sailing-boat-2399241.jpg,database\sailboat
../database\sailboat\pier-yacht-sea-coast-boat-sky-3790265.jpg,database\sailboat
../database\sailboat\pirate-pirate-village-swashbuckler-villa-2144557.jpg,database\sailboat
../database\sailboat\pirate-pirate-village-swashbuckler-villa-2144562.jpg,database\sailboat
../database\sailboat\pirate-ship-black-pearl-sailboat-2476398.jpg,database\sailboat
../database\sailboat\pirate-ship-black-pearl-sailboat-2758026.jpg,database\sailboat
../database\sailboat\pirate-ship-sea-moon-fantasy-ocean-sail--1719396.jpg,database\sailboat
../database\sailboat\pirate-ship-ship-pirates-sail-vessel-sai-2028572.jpg,database\sailboat
../database\sailboat\pirate-ship-ship-pirates-sail-vessel-sai-2028574.jpg,database\sailboat
../database\sailboat\pirates-sailing-ship-frigate-ship-fog-vo-587988.jpg,database\sailboat
../database\sailboat\port-boat-yacht-marina-sea-water-2099340.jpg,database\sailboat
../database\sailboat\port-sailing-boat-boats-water-2477512.jpg,database\sailboat
../database\sailboat\port-ship-boat-marina-yacht-3007852.jpg,database\sailboat
../database\sailboat\port-yachts-the-coast-boat-3500081.jpg,database\sailboat
../database\sailboat\post-impressionist-post-impressionism-fi-1428129.jpg,database\sailboat
../database\sailboat\purple-ship-sailing-ship-3054804.jpg,database\sailboat
../database\sailboat\rainbow-moon-lake-sailing-boat-sail-peac-453101.jpg,database\sailboat
../database\sailboat\regatta-fiumanka-race-sailboat-sailing-y-1049741.jpg,database\sailboat
../database\sailboat\regatta-sailboats-yachts-water-lake-port-2133668.jpg,database\sailboat
../database\sailboat\regatta-sailing-boat-race-sailing-boat-s-350479.jpg,database\sailboat
../database\sailboat\rhodes-lindos-sun-morning-sailboat-2739362.jpg,database\sailboat
../database\sailboat\rigging-sailboat-masts-sails-801720.jpg,database\sailboat
../database\sailboat\rigging-sailing-ship-vessel-497973.jpg,database\sailboat
../database\sailboat\rigging-tall-ship-sails-ship-boat-mast-v-918920.jpg,database\sailboat
../database\sailboat\river-nile-egypt-sailboat-dhow-felucca-s-378495.jpg,database\sailboat
../database\sailboat\river-yachts-sunrise-cork-crosshaven-ire-2057687.jpg,database\sailboat
../database\sailboat\rocky-coast-landscape-pirate-ship-2288237.jpg,database\sailboat
../database\sailboat\sail-boat-anchoring-calm-seascape-690217.jpg,database\sailboat
../database\sailboat\sail-boat-beach-sand-yellow-white-2644519.jpg,database\sailboat
../database\sailboat\sail-boat-boat-sailing-sea-sail-991323.jpg,database\sailboat
../database\sailboat\sail-boat-flag-blue-sail-boat-370164.jpg,database\sailboat
../database\sailboat\sail-boat-ocean-black-and-hite-boat-2521055.jpg,database\sailboat
../database\sailboat\sail-boat-ocean-sky-race-boat-sea-2521051.jpg,database\sailboat
../database\sailboat\sail-boat-ship-ocean-sea-sailing-32256.jpg,database\sailboat
../database\sailboat\sail-boat-ship-storm-rain-508183.jpg,database\sailboat
../database\sailboat\sail-boat-southwest-florida-gulf-of-mexi-1192976.jpg,database\sailboat
../database\sailboat\sail-boat-water-reflection-sails-35270.jpg,database\sailboat
../database\sailboat\sail-boats-caribbean-boat-sea-sail-1330421.jpg,database\sailboat
../database\sailboat\sail-boats-marina-harbor-port-677581.jpg,database\sailboat
../database\sailboat\sail-horizon-orange-gloss-water-3760717.jpg,database\sailboat
../database\sailboat\sail-sailboat-vessel-yacht-charter-863082.jpg,database\sailboat
../database\sailboat\sail-sailing-boat-boat-sea-ship-498498.jpg,database\sailboat
../database\sailboat\sail-sailing-boat-sport-team-78389.jpg,database\sailboat
../database\sailboat\sail-sailing-boat-wind-water-3729607.jpg,database\sailboat
../database\sailboat\sail-sailing-vessel-traditionally-3552152.jpg,database\sailboat
../database\sailboat\sail-sea-sailing-boat-boats-water-water--1238055.jpg,database\sailboat
../database\sailboat\sail-ship-sailing-nautical-2104516.jpg,database\sailboat
../database\sailboat\sail-sunset-sea-water-ocean-3585674.jpg,database\sailboat
../database\sailboat\sailboat-blue-boat-sailing-sailing-boat--154877.jpg,database\sailboat
../database\sailboat\sailboat-boat-blue-yacht-sky-3668503.jpg,database\sailboat
../database\sailboat\sailboat-boat-holidays-cruise-sea-3407027.jpg,database\sailboat
../database\sailboat\sailboat-boat-leisure-recreation-2693421.jpg,database\sailboat
../database\sailboat\sailboat-boat-sail-sailing-silhouette-si-153812.jpg,database\sailboat
../database\sailboat\sailboat-boat-sailing-yacht-islands-croa-950351.jpg,database\sailboat
../database\sailboat\sailboat-boat-sailing-yacht-islands-croa-950352.jpg,database\sailboat
../database\sailboat\sailboat-boat-sea-sail-ship-37725.jpg,database\sailboat
../database\sailboat\sailboat-boat-sea-sailing-ship-3635101.jpg,database\sailboat
../database\sailboat\sailboat-boat-ship-hudson-river-3745621.jpg,database\sailboat
../database\sailboat\sailboat-boat-ship-sail-sailing-2423484.jpg,database\sailboat
../database\sailboat\sailboat-boat-ship-sails-yacht-32257.jpg,database\sailboat
../database\sailboat\sailboat-boat-yacht-sail-water-sea-saili-158062.jpg,database\sailboat
../database\sailboat\sailboat-children-playing-kid-girl-saili-23801.jpg,database\sailboat
../database\sailboat\sailboat-former-brest-2454043.jpg,database\sailboat
../database\sailboat\sailboat-frigate-hermione-3113535.jpg,database\sailboat
../database\sailboat\sailboat-go-wind-marine-wave-3622231.jpg,database\sailboat
../database\sailboat\sailboat-go-wind-marine-wave-3622248.jpg,database\sailboat
../database\sailboat\sailboat-ibiza-summer-sunset-2894220.jpg,database\sailboat
../database\sailboat\sailboat-lake-water-926172.jpg,database\sailboat
../database\sailboat\sailboat-marseille-mediterranean-sea-sai-543046.jpg,database\sailboat
../database\sailboat\sailboat-marseille-port-944747.jpg,database\sailboat
../database\sailboat\sailboat-mats-flags-climbing-boy-598365.jpg,database\sailboat
../database\sailboat\sailboat-ocean-bahamas-abacos-sea-travel-823176.jpg,database\sailboat
../database\sailboat\sailboat-ocean-harbor-bay-port-1623321.jpg,database\sailboat
../database\sailboat\sailboat-ocean-sea-water-1197304.jpg,database\sailboat
../database\sailboat\sailboat-ocean-sea-water-transportation--1197305.jpg,database\sailboat
../database\sailboat\sailboat-ocean-sun-blue-sail-33236.jpg,database\sailboat
../database\sailboat\sailboat-old-rig-regatta-sailboat-sailbo-543064.jpg,database\sailboat
../database\sailboat\sailboat-outline-white-sport-marine-naut-310339.jpg,database\sailboat
../database\sailboat\sailboat-red-sail-beach-sand-sun-navigat-2159616.jpg,database\sailboat
../database\sailboat\sailboat-river-sailing-florida-usa-3601125.jpg,database\sailboat
../database\sailboat\sailboat-sail-boat-water-navy-37726.jpg,database\sailboat
../database\sailboat\sailboat-sail-norway-fjord-ship-2322972.jpg,database\sailboat
../database\sailboat\sailboat-sail-sailing-boat-river-water-s-1572874.jpg,database\sailboat
../database\sailboat\sailboat-sail-yacht-water-sea-3188611.jpg,database\sailboat
../database\sailboat\sailboat-sailing-boat-sailing-wave-296781.jpg,database\sailboat
../database\sailboat\sailboat-sailing-boat-sea-boat-1149519.jpg,database\sailboat
../database\sailboat\sailboat-sailing-boat-ship-sea-471538.jpg,database\sailboat
../database\sailboat\sailboat-sailing-boat-ship-waves-ocean-b-297740.jpg,database\sailboat
../database\sailboat\sailboat-sailing-boat-sunset-427602.jpg,database\sailboat
../database\sailboat\sailboat-sailing-navigation-boat-sailing-1346269.jpg,database\sailboat
../database\sailboat\sailboat-sailing-river-boat-sea-2431579.jpg,database\sailboat
../database\sailboat\sailboat-sailing-sea-ocean-water-sail-bo-995226.jpg,database\sailboat
../database\sailboat\sailboat-sailing-ship-boat-marina-travel-39237.jpg,database\sailboat
../database\sailboat\sailboat-sailing-sky-clouds-sea-2530235.jpg,database\sailboat
../database\sailboat\sailboat-sails-rigging-marin-mats-2347366.jpg,database\sailboat
../database\sailboat\sailboat-sails-sky-sunshine-sunny-sailbo-691452.jpg,database\sailboat
../database\sailboat\sailboat-san-francisco-412120.jpg,database\sailboat
../database\sailboat\sailboat-schooner-sea-ship-vessel-2253.jpg,database\sailboat
../database\sailboat\sailboat-sea-boat-sail-vessel-nautical-s-310753.jpg,database\sailboat
../database\sailboat\sailboat-sea-boat-sailing-summer-3417883.jpg,database\sailboat
../database\sailboat\sailboat-sea-boats-browse-387638.jpg,database\sailboat
../database\sailboat\sailboat-sea-ship-sky-blue-travel-553992.jpg,database\sailboat
../database\sailboat\sailboat-sea-ship-sky-blue-travel-553993.jpg,database\sailboat
../database\sailboat\sailboat-sea-water-sail-ship-3080332.jpg,database\sailboat
../database\sailboat\sailboat-ship-sailing-greenland-boat-shi-459794.jpg,database\sailboat
../database\sailboat\sailboat-ship-sailing-pirate-ocean-sail--37510.jpg,database\sailboat
../database\sailboat\sailboat-ship-sea-travel-nautical-yacht--174469.jpg,database\sailboat
../database\sailboat\sailboat-sky-boat-sail-travel-sail-boat--1031741.jpg,database\sailboat
../database\sailboat\sailboat-sunrise-yole-323164.jpg,database\sailboat
../database\sailboat\sailboat-sunset-sea-ocean-dark-3348374.jpg,database\sailboat
../database\sailboat\sailboat-two-master-old-ship-flags-306010.jpg,database\sailboat
../database\sailboat\sailboat-water-dusk-vertical-summer-yach-673555.jpg,database\sailboat
../database\sailboat\sailboat-water-stockholm-ship-sweden-hos-610623.jpg,database\sailboat
../database\sailboat\sailboat-water-sunset-vacation-yacht-sai-414509.jpg,database\sailboat
../database\sailboat\sailboat-wave-yacht-fast-colorful-305716.jpg,database\sailboat
../database\sailboat\sailboat-waves-sails-red-sea-water-ocean-304064.jpg,database\sailboat
../database\sailboat\sailboat-yacht-sea-holidays-water-sailbo-2143219.jpg,database\sailboat
../database\sailboat\sailboat-yacht-sea-sail-rope-3329021.jpg,database\sailboat
../database\sailboat\sailboat-yacht-sea-water-sailboats-saili-2133663.jpg,database\sailboat
../database\sailboat\sailboat-yacht-ship-maritime-boat-3091693.jpg,database\sailboat
../database\sailboat\sailboats-marina-harbor-port-bay-reflect-1149078.jpg,database\sailboat
../database\sailboat\sailboats-moored-jetty-water-2233382.jpg,database\sailboat
../database\sailboat\sailboats-race-competition-ocean-1531877.jpg,database\sailboat
../database\sailboat\sailboats-race-competition-sail-671178.jpg,database\sailboat
../database\sailboat\sailboats-race-yachts-yacht-racing-1375064.jpg,database\sailboat
../database\sailboat\sailboats-racing-competition-male-men-ve-696089.jpg,database\sailboat
../database\sailboat\sailboats-sailing-water-ocean-sea-yacht--1734842.jpg,database\sailboat
../database\sailboat\sailing-boat-boat-coast-sea-nature-3551316.jpg,database\sailboat
../database\sailboat\sailing-boat-boat-sail-sea-ocean-309781.jpg,database\sailboat
../database\sailboat\sailing-boat-boat-sailing-wind-sails-shi-295250.jpg,database\sailboat
../database\sailboat\sailing-boat-boat-seagull-water-sea-ship-2172343.jpg,database\sailboat
../database\sailboat\sailing-boat-boat-ship-sea-sky-444077.jpg,database\sailboat
../database\sailboat\sailing-boat-boat-yacht-sailing-black-si-163614.jpg,database\sailboat
../database\sailboat\sailing-boat-coast-sea-water-sail-2550147.jpg,database\sailboat
../database\sailboat\sailing-boat-crafts-trim-sailboat-993901.jpg,database\sailboat
../database\sailboat\sailing-boat-crew-man-woman-3650170.jpg,database\sailboat
../database\sailboat\sailing-boat-gulls-north-sea-249992.jpg,database\sailboat
../database\sailboat\sailing-boat-herrenchiemsee-castle-3708861.jpg,database\sailboat
../database\sailboat\sailing-boat-lake-constance-ship-idyll-w-600835.jpg,database\sailboat
../database\sailboat\sailing-boat-lake-sailing-boat-596462.jpg,database\sailboat
../database\sailboat\sailing-boat-lake-sea-sail-ocean-2293832.jpg,database\sailboat
../database\sailboat\sailing-boat-lonely-blue-mood-337712.jpg,database\sailboat
../database\sailboat\sailing-boat-mastes-rigging-boat-sail-se-983933.jpg,database\sailboat
../database\sailboat\sailing-boat-ocean-open-water-sea-569336.jpg,database\sailboat
../database\sailboat\sailing-boat-plant-water-sea-sand-beach--1617626.jpg,database\sailboat
../database\sailboat\sailing-boat-sail-sailing-boat-yacht-auc-50533.jpg,database\sailboat
../database\sailboat\sailing-boat-sail-sailing-sport-water-se-165313.jpg,database\sailboat
../database\sailboat\sailing-boat-sail-vacations-1593613.jpg,database\sailboat
../database\sailboat\sailing-boat-sailing-sailboat-water-406933.jpg,database\sailboat
../database\sailboat\sailing-boat-sailing-vessel-ship-3399011.jpg,database\sailboat
../database\sailboat\sailing-boat-sailing-vessel-ship-boat-ma-1473281.jpg,database\sailboat
../database\sailboat\sailing-boat-sailing-yacht-3399002.jpg,database\sailboat
../database\sailboat\sailing-boat-sailing-yacht-3399014.jpg,database\sailboat
../database\sailboat\sailing-boat-sea-ship-water-2407303.jpg,database\sailboat
../database\sailboat\sailing-boat-ship-boat-water-2820638.jpg,database\sailboat
../database\sailboat\sailing-boat-ship-vessel-nautical-435447.jpg,database\sailboat
../database\sailboat\sailing-boat-ship-yacht-sail-3128426.jpg,database\sailboat
../database\sailboat\sailing-boat-shore-sky-sand-sea-sail-sum-1645394.jpg,database\sailboat
../database\sailboat\sailing-boat-stem-sail-water-travel-yach-605504.jpg,database\sailboat
../database\sailboat\sailing-boat-sunset-summer-nature-3758189.jpg,database\sailboat
../database\sailboat\sailing-boat-water-lake-haze-931515.jpg,database\sailboat
../database\sailboat\sailing-boat-yacht-sail-sea-waters-3128427.jpg,database\sailboat
../database\sailboat\sailing-boat-yacht-sailboat-water-sea-oc-622541.jpg,database\sailboat
../database\sailboat\sailing-boats-boats-fog-mist-water-597916.jpg,database\sailboat
../database\sailboat\sailing-boats-carboats-calm-quiet-384671.jpg,database\sailboat
../database\sailboat\sailing-boats-sea-ocean-leisure-sports-s-601541.jpg,database\sailboat
../database\sailboat\sailing-racing-regatta-j-105-105-2455969.jpg,database\sailboat
../database\sailboat\sailing-sailboat-boat-travel-2542901.jpg,database\sailboat
../database\sailboat\sailing-sailboat-navy-ship-ocean-37727.jpg,database\sailboat
../database\sailboat\sailing-sailboat-sea-summer-sport-sail-s-1686721.jpg,database\sailboat
../database\sailboat\sailing-sailboat-transportation-boat-nav-26602.jpg,database\sailboat
../database\sailboat\sailing-sailboat-water-ocean-yacht-wind--2040826.jpg,database\sailboat
../database\sailboat\sailing-sailboat-windy-lake-water-coast--691802.jpg,database\sailboat
../database\sailboat\sailing-sailing-boat-catboat-99229.jpg,database\sailboat
../database\sailboat\sailing-sailing-boat-catboat-sailboat-sa-99230.jpg,database\sailboat
../database\sailboat\sailing-sea-saint-tropez-sailing-boat-bo-1123260.jpg,database\sailboat
../database\sailboat\sailing-ship-boat-pirate-sea-311318.jpg,database\sailboat
../database\sailboat\sailing-ship-cruise-sea-wind-wave-456209.jpg,database\sailboat
../database\sailboat\sailing-ship-maritime-ship-sea-3212545.jpg,database\sailboat
../database\sailboat\sailing-ship-mast-boat-sea-2663381.jpg,database\sailboat
../database\sailboat\sailing-ship-mast-boat-sea-2864762.jpg,database\sailboat
../database\sailboat\sailing-ship-ocean-sea-water-37723.jpg,database\sailboat
../database\sailboat\sailing-ship-pirate-ship-ship-pirates-sa-2028575.jpg,database\sailboat
../database\sailboat\sailing-ship-rushing-water-river-675214.jpg,database\sailboat
../database\sailboat\sailing-ship-sail-ship-sailing-147005.jpg,database\sailboat
../database\sailboat\sailing-ship-sailboat-ocean-sailing-148712.jpg,database\sailboat
../database\sailboat\sailing-ship-sailboat-ocean-sailing-148715.jpg,database\sailboat
../database\sailboat\sailing-ship-sailing-boat-calm-384677.jpg,database\sailboat
../database\sailboat\sailing-ship-ship-sailing-vessel-sea-boa-312417.jpg,database\sailboat
../database\sailboat\sailing-ship-transportation-old-silhouet-294269.jpg,database\sailboat
../database\sailboat\sailing-ship-vessel-boat-sea-659758.jpg,database\sailboat
../database\sailboat\sailing-ship-water-ocean-sea-37724.jpg,database\sailboat
../database\sailboat\sailing-vessel-sail-sea-3672.jpg,database\sailboat
../database\sailboat\sailing-vessel-sail-sea-3673.jpg,database\sailboat
../database\sailboat\sailing-vessel-sail-side-ship-3063758.jpg,database\sailboat
../database\sailboat\sailing-vessel-sailing-boat-boat-mast-sh-1473316.jpg,database\sailboat
../database\sailboat\sailing-vessel-sailing-boat-sail-1473282.jpg,database\sailboat
../database\sailboat\sailing-vessel-ship-sail-sea-ocean-shipp-1877540.jpg,database\sailboat
../database\sailboat\sailing-vessel-water-boat-afterglow-3405209.jpg,database\sailboat
../database\sailboat\sailing-vessel-water-ship-yacht-382407.jpg,database\sailboat
../database\sailboat\sailing-yacht-antigua-caribbean-boat-shi-171900.jpg,database\sailboat
../database\sailboat\sailing-yacht-sail-sailing-boat-3579588.jpg,database\sailboat
../database\sailboat\scenery-tropical-boat-sailing-boat-saili-1179905.jpg,database\sailboat
../database\sailboat\schooner-ocean-sea-boat-sailboat-377090.jpg,database\sailboat
../database\sailboat\schooner-vintage-sailing-sail-ship-boat--487800.jpg,database\sailboat
../database\sailboat\schooner-wooden-ship-sailboat-vessel-sea-754872.jpg,database\sailboat
../database\sailboat\sea-boat-horizon-sailboats-seascape-land-2056853.jpg,database\sailboat
../database\sailboat\sea-boat-sunset-ocean-water-yacht-sailbo-2141613.jpg,database\sailboat
../database\sailboat\sea-boats-ocean-water-sailboat-3544557.jpg,database\sailboat
../database\sailboat\sea-mediterranean-malta-blue-water-islan-259823.jpg,database\sailboat
../database\sailboat\sea-nature-sky-exotic-clouds-red-68052.jpg,database\sailboat
../database\sailboat\sea-ocean-boats-sailboats-beach-1357885.jpg,database\sailboat
../database\sailboat\sea-ocean-sailboat-nature-sailing-162684.jpg,database\sailboat
../database\sailboat\sea-ocean-sailboat-sailing-leisure-2693404.jpg,database\sailboat
../database\sailboat\sea-ocean-water-waves-nature-2561397.jpg,database\sailboat
../database\sailboat\sea-ocean-wide-blue-water-sailing-boat-l-1090586.jpg,database\sailboat
../database\sailboat\sea-sailboat-boat-mediterranean-952215.jpg,database\sailboat
../database\sailboat\sea-sailboat-sailing-sunset-2907762.jpg,database\sailboat
../database\sailboat\sea-sailboat-sunset-sailboat-sailboat-sa-2091933.jpg,database\sailboat
../database\sailboat\sea-sailboat-water-sail-ocean-3301733.jpg,database\sailboat
../database\sailboat\sea-sailboats-boats-regatta-cruises-sail-874710.jpg,database\sailboat
../database\sailboat\sea-sailing-boat-clouds-mood-coast-381542.jpg,database\sailboat
../database\sailboat\sea-sailing-boat-water-ship-sail-3726854.jpg,database\sailboat
../database\sailboat\sea-sailing-boat-water-ship-sail-3726855.jpg,database\sailboat
../database\sailboat\sea-sailing-vessel-boat-cannes-cte-d----2169263.jpg,database\sailboat
../database\sailboat\sea-shelter-boat-water-coast-3141386.jpg,database\sailboat
../database\sailboat\sea-ship-boat-nautical-travel-3314718.jpg,database\sailboat
../database\sailboat\sea-ship-boat-nautical-travel-3397526.jpg,database\sailboat
../database\sailboat\sea-sky-beach-sand-water-clouds-rocks-st-1283188.jpg,database\sailboat
../database\sailboat\sea-sunset-ocean-bay-calm-quiet-406804.jpg,database\sailboat
../database\sailboat\sea-water-sunset-ocean-dawn-3302915.jpg,database\sailboat
../database\sailboat\seaside-summer-chairs-flowers-781946.jpg,database\sailboat
../database\sailboat\ship-balance-stars-magic-fantasy-2804076.jpg,database\sailboat
../database\sailboat\ship-barcelona-river-sailboat-barcelona--756570.jpg,database\sailboat
../database\sailboat\ship-boat-lake-sailing-boat-italy-952292.jpg,database\sailboat
../database\sailboat\ship-boat-marine-water-blue-sail-3755995.jpg,database\sailboat
../database\sailboat\ship-boat-nautical-sail-wind-travel-mari-311301.jpg,database\sailboat
../database\sailboat\ship-boat-pirate-clipper-sail-40209.jpg,database\sailboat
../database\sailboat\ship-boat-pirate-ocean-viking-sail-longb-32253.jpg,database\sailboat
../database\sailboat\ship-boat-sail-pirate-travel-40009.jpg,database\sailboat
../database\sailboat\ship-boat-sailboat-travel-nautical-yacht-37589.jpg,database\sailboat
../database\sailboat\ship-cutter-tall-vessel-sea-759938.jpg,database\sailboat
../database\sailboat\ship-hanse-sail-baltic-sea-summer-2907716.jpg,database\sailboat
../database\sailboat\ship-lake-japan-sailboat-hakone-3587953.jpg,database\sailboat
../database\sailboat\ship-ocean-sea-horizon-sunset-sunrise-na-918553.jpg,database\sailboat
../database\sailboat\ship-pirate-pirate-ship-sail-sea-1359572.jpg,database\sailboat
../database\sailboat\ship-port-iceland-boat-maritime-3738230.jpg,database\sailboat
../database\sailboat\ship-sail-sailing-sails-sky-102246.jpg,database\sailboat
../database\sailboat\ship-sail-sailing-vessel-2094307.jpg,database\sailboat
../database\sailboat\ship-sailboat-sailing-nautical-vessel-ya-32252.jpg,database\sailboat
../database\sailboat\ship-sailing-boat-frigate-sea-ship-ship--2168927.jpg,database\sailboat
../database\sailboat\ship-sailing-boat-sail-boat-boat-2502000.jpg,database\sailboat
../database\sailboat\ship-sailing-ocean-sea-travel-37713.jpg,database\sailboat
../database\sailboat\ship-sailing-ocean-vessel-sailboat-145552.jpg,database\sailboat
../database\sailboat\ship-sailing-vessel-seafaring-2904969.jpg,database\sailboat
../database\sailboat\ship-sea-tourism-journey-water-2762527.jpg,database\sailboat
../database\sailboat\ship-sea-wave-romance-sails-1505929.jpg,database\sailboat
../database\sailboat\ship-shipping-transport-maritime-140255.jpg,database\sailboat
../database\sailboat\ship-tall-vessel-sea-sailing-647058.jpg,database\sailboat
../database\sailboat\ship-tall-vessel-sea-sailing-701579.jpg,database\sailboat
../database\sailboat\ship-tall-vessel-sea-sailing-701595.jpg,database\sailboat
../database\sailboat\ship-tall-vessel-sea-sailing-701598.jpg,database\sailboat
../database\sailboat\ship-tallship-tall-ship-sea-sail-2523650.jpg,database\sailboat
../database\sailboat\ship-transportation-sailing-maritime-car-145510.jpg,database\sailboat
../database\sailboat\ship-yacht-boat-sea-ocean-travel-2756152.jpg,database\sailboat
../database\sailboat\ships-sailing-boat-boat-sailing-colorful-162075.jpg,database\sailboat
../database\sailboat\ships-tall-sailing-vessels-sea-642520.jpg,database\sailboat
../database\sailboat\ships-tall-vessel-sea-sailing-701596.jpg,database\sailboat
../database\sailboat\ships-vessels-military-navy-802887.jpg,database\sailboat
../database\sailboat\sky-dusk-darkness-evening-waters-3054732.jpg,database\sailboat
../database\sailboat\smooth-shiny-water-bright-satin-3054850.jpg,database\sailboat
../database\sailboat\sport-summer-board-leisure-sea-sports-wa-2130230.jpg,database\sailboat
../database\sailboat\stanley-park-fall-autumn-vancouver-3686935.jpg,database\sailboat
../database\sailboat\steinbach-attersee-bergsee-austria-3721706.jpg,database\sailboat
../database\sailboat\storm-pirate-sea-marine-boat-sky-3254676.jpg,database\sailboat
../database\sailboat\summer-sailing-sailboat-greece-sailboat--1283743.jpg,database\sailboat
../database\sailboat\sunrise-sunset-sun-sky-landscape-summer--2014053.jpg,database\sailboat
../database\sailboat\sunset-boat-sea-sailboat-landscape-horiz-1747744.jpg,database\sailboat
../database\sailboat\sunset-dawn-sky-evening-panorama-3126715.jpg,database\sailboat
../database\sailboat\sunset-monolithic-part-of-the-waters-3122072.jpg,database\sailboat
../database\sailboat\sunset-nature-waters-dusk-dawn-3087790.jpg,database\sailboat
../database\sailboat\sunset-sailing-boat-boat-sea-ship-675847.jpg,database\sailboat
../database\sailboat\sunset-sailing-boat-lighthouse-sun-3759029.jpg,database\sailboat
../database\sailboat\sunset-sailing-boat-maldives-sea-90952.jpg,database\sailboat
../database\sailboat\sunset-sailing-ship-superstructure-1136147.jpg,database\sailboat
../database\sailboat\sunset-sea-clouds-key-west-324128.jpg,database\sailboat
../database\sailboat\sunset-sea-ocean-sailing-boat-ship-3140356.jpg,database\sailboat
../database\sailboat\sunset-sky-sailboats-lake-water-horizon--923930.jpg,database\sailboat
../database\sailboat\sunset-water-sea-ocean-sailboat-3187225.jpg,database\sailboat
../database\sailboat\sunset-waters-sun-sea-reflection-3049610.jpg,database\sailboat
../database\sailboat\three-masted-sailing-ship-christopher-co-1280890.jpg,database\sailboat
../database\sailboat\transport-france-sete-boat-3276174.jpg,database\sailboat
../database\sailboat\trimaran-yacht-sailing-sailing-ship-2806616.jpg,database\sailboat
../database\sailboat\vacation-sailboat-vessel-sailboat-sailbo-1003660.jpg,database\sailboat
../database\sailboat\vacations-holidays-sea-lake-sailing-boat-2062299.jpg,database\sailboat
../database\sailboat\vacations-italy-garda-sailing-boat-471169.jpg,database\sailboat
../database\sailboat\vortex-the-sea-sailboat-japan-2433857.jpg,database\sailboat
../database\sailboat\water-ocean-sea-sailboat-sailing-2631744.jpg,database\sailboat
../database\sailboat\water-on-the-water-swim-boat-3604872.jpg,database\sailboat
../database\sailboat\water-sailboat-sail-ship-3100024.jpg,database\sailboat
../database\sailboat\water-sailboat-serene-ocean-calm-14687.jpg,database\sailboat
../database\sailboat\water-sailboat-watercraft-travel-3288854.jpg,database\sailboat
../database\sailboat\water-sea-coral-fish-ocean-reef-3359672.jpg,database\sailboat
../database\sailboat\water-sea-ocean-cloud-wave-blue-1169849.jpg,database\sailboat
../database\sailboat\water-sea-sailboat-sail-ocean-3230104.jpg,database\sailboat
../database\sailboat\water-sea-sky-nature-side-3624707.jpg,database\sailboat
../database\sailboat\water-sea-travel-sailboat-yacht-3279871.jpg,database\sailboat
../database\sailboat\watercolour-seascape-sea-coast-scene-sce-1562919.jpg,database\sailboat
../database\sailboat\watercraft-sailboat-sail-ship-3195766.jpg,database\sailboat
../database\sailboat\watercraft-vehicle-sailboat-transportati-2167720.jpg,database\sailboat
../database\sailboat\waters-gold-golden-water-lake-3054738.jpg,database\sailboat
../database\sailboat\waters-lake-nature-reflection-3071288.jpg,database\sailboat
../database\sailboat\waters-yacht-sea-sailing-boat-port-3084271.jpg,database\sailboat
../database\sailboat\yacht-boat-sea-sailboat-marine-yachting--1934226.jpg,database\sailboat
../database\sailboat\yacht-port-sailboat-784121.jpg,database\sailboat
../database\sailboat\yacht-racing-sail-boat-sport-sea-642067.jpg,database\sailboat
../database\sailboat\yacht-refuge-sea-marina-pier-3370810.jpg,database\sailboat
../database\sailboat\yacht-sailboat-boat-sport-3101821.jpg,database\sailboat
../database\sailboat\yacht-sailing-sailboat-sea-cruise-yachti-26603.jpg,database\sailboat
../database\sailboat\yacht-sailing-ship-nautical-holiday-887969.jpg,database\sailboat
../database\sailboat\yacht-sea-boat-travel-ship-ocean-summer--802319.jpg,database\sailboat
../database\sailboat\yachting-competition-sea-yacht-3382391.jpg,database\sailboat
../database\sailboat\yachting-competition-sea-yacht-3382392.jpg,database\sailboat
../database\sailboat\yachts-sail-sea-water-boat-travel-nautic-2107523.jpg,database\sailboat
../database\sailboat\yachts-sail-sea-water-boat-travel-nautic-2107526.jpg,database\sailboat
../database\sailboat\yachts-sail-sea-water-boat-travel-nautic-2107531.jpg,database\sailboat